ISO-10303-21;
HEADER;
/* Generated by software containing ST-Developer
 * from STEP Tools, Inc. (www.steptools.com) 
 */

FILE_DESCRIPTION(
/* description */ (''),
/* implementation_level */ '2;1');

FILE_NAME(
/* name */ 'Macro Pad Bottom.step',
/* time_stamp */ '2026-07-24T22:40:20+01:00',
/* author */ (''),
/* organization */ (''),
/* preprocessor_version */ 'ST-DEVELOPER v20.1',
/* originating_system */ 'Autodesk Translation Framework v15.8.0.0',
/* authorisation */ '');

FILE_SCHEMA (('AUTOMOTIVE_DESIGN { 1 0 10303 214 3 1 1 }'));
ENDSEC;

DATA;
#10=MECHANICAL_DESIGN_GEOMETRIC_PRESENTATION_REPRESENTATION('',(#13),#4270);
#11=SHAPE_REPRESENTATION_RELATIONSHIP('SRR','None',#4277,#12);
#12=ADVANCED_BREP_SHAPE_REPRESENTATION('',(#14),#4269);
#13=STYLED_ITEM('',(#4286),#14);
#14=MANIFOLD_SOLID_BREP('Body198',#2484);
#15=FACE_BOUND('',#322,.T.);
#16=FACE_BOUND('',#356,.T.);
#17=FACE_BOUND('',#357,.T.);
#18=FACE_BOUND('',#358,.T.);
#19=FACE_BOUND('',#359,.T.);
#20=FACE_BOUND('',#391,.T.);
#21=FACE_BOUND('',#394,.T.);
#22=FACE_BOUND('',#437,.T.);
#23=FACE_BOUND('',#451,.T.);
#24=PLANE('',#2519);
#25=PLANE('',#2524);
#26=PLANE('',#2527);
#27=PLANE('',#2531);
#28=PLANE('',#2532);
#29=PLANE('',#2533);
#30=PLANE('',#2538);
#31=PLANE('',#2559);
#32=PLANE('',#2562);
#33=PLANE('',#2569);
#34=PLANE('',#2570);
#35=PLANE('',#2571);
#36=PLANE('',#2582);
#37=PLANE('',#2585);
#38=PLANE('',#2598);
#39=PLANE('',#2601);
#40=PLANE('',#2616);
#41=PLANE('',#2617);
#42=PLANE('',#2618);
#43=PLANE('',#2619);
#44=PLANE('',#2620);
#45=PLANE('',#2629);
#46=PLANE('',#2630);
#47=PLANE('',#2631);
#48=PLANE('',#2632);
#49=PLANE('',#2633);
#50=PLANE('',#2634);
#51=PLANE('',#2643);
#52=PLANE('',#2644);
#53=PLANE('',#2645);
#54=PLANE('',#2646);
#55=PLANE('',#2647);
#56=PLANE('',#2649);
#57=PLANE('',#2650);
#58=PLANE('',#2654);
#59=PLANE('',#2658);
#60=PLANE('',#2661);
#61=PLANE('',#2663);
#62=PLANE('',#2673);
#63=PLANE('',#2674);
#64=PLANE('',#2675);
#65=PLANE('',#2676);
#66=PLANE('',#2677);
#67=PLANE('',#2678);
#68=PLANE('',#2679);
#69=PLANE('',#2680);
#70=PLANE('',#2681);
#71=PLANE('',#2682);
#72=PLANE('',#2683);
#73=PLANE('',#2692);
#74=PLANE('',#2693);
#75=PLANE('',#2694);
#76=PLANE('',#2703);
#77=PLANE('',#2704);
#78=PLANE('',#2705);
#79=PLANE('',#2706);
#80=PLANE('',#2707);
#81=PLANE('',#2718);
#82=PLANE('',#2722);
#83=PLANE('',#2723);
#84=PLANE('',#2724);
#85=PLANE('',#2725);
#86=PLANE('',#2726);
#87=PLANE('',#2727);
#88=PLANE('',#2738);
#89=PLANE('',#2741);
#90=PLANE('',#2742);
#91=PLANE('',#2743);
#92=PLANE('',#2744);
#93=PLANE('',#2754);
#94=PLANE('',#2756);
#95=B_SPLINE_CURVE_WITH_KNOTS('',3,(#3567,#3568,#3569,#3570,#3571,#3572,
#3573,#3574,#3575,#3576),.UNSPECIFIED.,.F.,.F.,(4,2,2,2,4),(0.352665757611554,
0.354112665102914,0.413596376974363,0.474853391157689,0.536110405341015),
 .UNSPECIFIED.);
#96=B_SPLINE_CURVE_WITH_KNOTS('',3,(#3580,#3581,#3582,#3583,#3584,#3585,
#3586,#3587,#3588,#3589),.UNSPECIFIED.,.F.,.F.,(4,2,2,2,4),(0.535237404457622,
0.596494418640948,0.657751432824274,0.717235144695723,0.718682052187084),
 .UNSPECIFIED.);
#97=B_SPLINE_CURVE_WITH_KNOTS('',3,(#3736,#3737,#3738,#3739,#3740,#3741),
 .UNSPECIFIED.,.F.,.F.,(4,2,4),(1.21788629713451,1.30324525534766,1.38860421356081),
 .UNSPECIFIED.);
#98=B_SPLINE_CURVE_WITH_KNOTS('',3,(#3745,#3746,#3747,#3748,#3749,#3750),
 .UNSPECIFIED.,.F.,.F.,(4,2,4),(1.38860421356081,1.47396317177397,1.55932212998712),
 .UNSPECIFIED.);
#99=B_SPLINE_CURVE_WITH_KNOTS('',3,(#3754,#3755,#3756,#3757,#3758,#3759),
 .UNSPECIFIED.,.F.,.F.,(4,2,4),(1.21788629713451,1.30324525534766,1.38860421356081),
 .UNSPECIFIED.);
#100=B_SPLINE_CURVE_WITH_KNOTS('',3,(#3802,#3803,#3804,#3805,#3806,#3807),
 .UNSPECIFIED.,.F.,.F.,(4,2,4),(1.38860421356081,1.47396317177396,1.55932212998712),
 .UNSPECIFIED.);
#101=ELLIPSE('',#2518,2.43538243867945,2.25);
#102=ELLIPSE('',#2523,2.43539251139285,2.25);
#103=ELLIPSE('',#2545,3.18198051533948,2.25);
#104=ELLIPSE('',#2546,3.18198051533946,2.25);
#105=ELLIPSE('',#2553,4.05624518489699,2.25);
#106=ELLIPSE('',#2566,4.05624518489699,2.25);
#107=ELLIPSE('',#2609,1.41421356237312,1.);
#108=ELLIPSE('',#2610,1.41421356237307,1.);
#109=ELLIPSE('',#2612,1.41421356237307,1.);
#110=ELLIPSE('',#2614,1.41421356237312,1.);
#111=ELLIPSE('',#2622,1.4142135623731,1.);
#112=ELLIPSE('',#2623,1.41421356237309,1.);
#113=ELLIPSE('',#2625,1.41421356237309,1.);
#114=ELLIPSE('',#2627,1.4142135623731,1.);
#115=ELLIPSE('',#2636,1.41421356237309,1.);
#116=ELLIPSE('',#2637,1.4142135623731,1.);
#117=ELLIPSE('',#2639,1.4142135623731,1.);
#118=ELLIPSE('',#2641,1.41421356237309,1.);
#119=ELLIPSE('',#2685,1.4142135623731,1.);
#120=ELLIPSE('',#2686,1.41421356237309,1.);
#121=ELLIPSE('',#2688,1.41421356237309,1.);
#122=ELLIPSE('',#2690,1.4142135623731,1.);
#123=ELLIPSE('',#2696,1.41421356237309,1.);
#124=ELLIPSE('',#2697,1.4142135623731,1.);
#125=ELLIPSE('',#2699,1.4142135623731,1.);
#126=ELLIPSE('',#2701,1.41421356237309,1.);
#127=ELLIPSE('',#2709,1.41421356237309,1.);
#128=ELLIPSE('',#2710,1.4142135623731,1.);
#129=ELLIPSE('',#2712,1.4142135623731,1.);
#130=ELLIPSE('',#2714,1.41421356237309,1.);
#131=ELLIPSE('',#2729,1.41421356237309,1.);
#132=ELLIPSE('',#2730,1.4142135623731,1.);
#133=ELLIPSE('',#2732,1.41421356237309,1.);
#134=ELLIPSE('',#2734,1.4142135623731,1.);
#135=ELLIPSE('',#2746,1.4142135623731,1.);
#136=ELLIPSE('',#2747,1.41421356237309,1.);
#137=ELLIPSE('',#2749,1.4142135623731,1.);
#138=ELLIPSE('',#2751,1.41421356237309,1.);
#139=SPHERICAL_SURFACE('',#2501,2.25);
#140=SPHERICAL_SURFACE('',#2507,2.25);
#141=SPHERICAL_SURFACE('',#2513,2.25);
#142=SPHERICAL_SURFACE('',#2515,2.25);
#143=SPHERICAL_SURFACE('',#2557,2.25);
#144=SPHERICAL_SURFACE('',#2568,2.25);
#145=SPHERICAL_SURFACE('',#2577,2.25);
#146=SPHERICAL_SURFACE('',#2580,2.25);
#147=SPHERICAL_SURFACE('',#2588,2.25);
#148=SPHERICAL_SURFACE('',#2594,2.25);
#149=SPHERICAL_SURFACE('',#2666,2.25);
#150=SPHERICAL_SURFACE('',#2669,2.25);
#151=FACE_OUTER_BOUND('',#305,.T.);
#152=FACE_OUTER_BOUND('',#306,.T.);
#153=FACE_OUTER_BOUND('',#307,.T.);
#154=FACE_OUTER_BOUND('',#308,.T.);
#155=FACE_OUTER_BOUND('',#309,.T.);
#156=FACE_OUTER_BOUND('',#310,.T.);
#157=FACE_OUTER_BOUND('',#311,.T.);
#158=FACE_OUTER_BOUND('',#312,.T.);
#159=FACE_OUTER_BOUND('',#313,.T.);
#160=FACE_OUTER_BOUND('',#314,.T.);
#161=FACE_OUTER_BOUND('',#315,.T.);
#162=FACE_OUTER_BOUND('',#316,.T.);
#163=FACE_OUTER_BOUND('',#317,.T.);
#164=FACE_OUTER_BOUND('',#318,.T.);
#165=FACE_OUTER_BOUND('',#319,.T.);
#166=FACE_OUTER_BOUND('',#320,.T.);
#167=FACE_OUTER_BOUND('',#321,.T.);
#168=FACE_OUTER_BOUND('',#323,.T.);
#169=FACE_OUTER_BOUND('',#324,.T.);
#170=FACE_OUTER_BOUND('',#325,.T.);
#171=FACE_OUTER_BOUND('',#326,.T.);
#172=FACE_OUTER_BOUND('',#327,.T.);
#173=FACE_OUTER_BOUND('',#328,.T.);
#174=FACE_OUTER_BOUND('',#329,.T.);
#175=FACE_OUTER_BOUND('',#330,.T.);
#176=FACE_OUTER_BOUND('',#331,.T.);
#177=FACE_OUTER_BOUND('',#332,.T.);
#178=FACE_OUTER_BOUND('',#333,.T.);
#179=FACE_OUTER_BOUND('',#334,.T.);
#180=FACE_OUTER_BOUND('',#335,.T.);
#181=FACE_OUTER_BOUND('',#336,.T.);
#182=FACE_OUTER_BOUND('',#337,.T.);
#183=FACE_OUTER_BOUND('',#338,.T.);
#184=FACE_OUTER_BOUND('',#339,.T.);
#185=FACE_OUTER_BOUND('',#340,.T.);
#186=FACE_OUTER_BOUND('',#341,.T.);
#187=FACE_OUTER_BOUND('',#342,.T.);
#188=FACE_OUTER_BOUND('',#343,.T.);
#189=FACE_OUTER_BOUND('',#344,.T.);
#190=FACE_OUTER_BOUND('',#345,.T.);
#191=FACE_OUTER_BOUND('',#346,.T.);
#192=FACE_OUTER_BOUND('',#347,.T.);
#193=FACE_OUTER_BOUND('',#348,.T.);
#194=FACE_OUTER_BOUND('',#349,.T.);
#195=FACE_OUTER_BOUND('',#350,.T.);
#196=FACE_OUTER_BOUND('',#351,.T.);
#197=FACE_OUTER_BOUND('',#352,.T.);
#198=FACE_OUTER_BOUND('',#353,.T.);
#199=FACE_OUTER_BOUND('',#354,.T.);
#200=FACE_OUTER_BOUND('',#355,.T.);
#201=FACE_OUTER_BOUND('',#360,.T.);
#202=FACE_OUTER_BOUND('',#361,.T.);
#203=FACE_OUTER_BOUND('',#362,.T.);
#204=FACE_OUTER_BOUND('',#363,.T.);
#205=FACE_OUTER_BOUND('',#364,.T.);
#206=FACE_OUTER_BOUND('',#365,.T.);
#207=FACE_OUTER_BOUND('',#366,.T.);
#208=FACE_OUTER_BOUND('',#367,.T.);
#209=FACE_OUTER_BOUND('',#368,.T.);
#210=FACE_OUTER_BOUND('',#369,.T.);
#211=FACE_OUTER_BOUND('',#370,.T.);
#212=FACE_OUTER_BOUND('',#371,.T.);
#213=FACE_OUTER_BOUND('',#372,.T.);
#214=FACE_OUTER_BOUND('',#373,.T.);
#215=FACE_OUTER_BOUND('',#374,.T.);
#216=FACE_OUTER_BOUND('',#375,.T.);
#217=FACE_OUTER_BOUND('',#376,.T.);
#218=FACE_OUTER_BOUND('',#377,.T.);
#219=FACE_OUTER_BOUND('',#378,.T.);
#220=FACE_OUTER_BOUND('',#379,.T.);
#221=FACE_OUTER_BOUND('',#380,.T.);
#222=FACE_OUTER_BOUND('',#381,.T.);
#223=FACE_OUTER_BOUND('',#382,.T.);
#224=FACE_OUTER_BOUND('',#383,.T.);
#225=FACE_OUTER_BOUND('',#384,.T.);
#226=FACE_OUTER_BOUND('',#385,.T.);
#227=FACE_OUTER_BOUND('',#386,.T.);
#228=FACE_OUTER_BOUND('',#387,.T.);
#229=FACE_OUTER_BOUND('',#388,.T.);
#230=FACE_OUTER_BOUND('',#389,.T.);
#231=FACE_OUTER_BOUND('',#390,.T.);
#232=FACE_OUTER_BOUND('',#392,.T.);
#233=FACE_OUTER_BOUND('',#393,.T.);
#234=FACE_OUTER_BOUND('',#395,.T.);
#235=FACE_OUTER_BOUND('',#396,.T.);
#236=FACE_OUTER_BOUND('',#397,.T.);
#237=FACE_OUTER_BOUND('',#398,.T.);
#238=FACE_OUTER_BOUND('',#399,.T.);
#239=FACE_OUTER_BOUND('',#400,.T.);
#240=FACE_OUTER_BOUND('',#401,.T.);
#241=FACE_OUTER_BOUND('',#402,.T.);
#242=FACE_OUTER_BOUND('',#403,.T.);
#243=FACE_OUTER_BOUND('',#404,.T.);
#244=FACE_OUTER_BOUND('',#405,.T.);
#245=FACE_OUTER_BOUND('',#406,.T.);
#246=FACE_OUTER_BOUND('',#407,.T.);
#247=FACE_OUTER_BOUND('',#408,.T.);
#248=FACE_OUTER_BOUND('',#409,.T.);
#249=FACE_OUTER_BOUND('',#410,.T.);
#250=FACE_OUTER_BOUND('',#411,.T.);
#251=FACE_OUTER_BOUND('',#412,.T.);
#252=FACE_OUTER_BOUND('',#413,.T.);
#253=FACE_OUTER_BOUND('',#414,.T.);
#254=FACE_OUTER_BOUND('',#415,.T.);
#255=FACE_OUTER_BOUND('',#416,.T.);
#256=FACE_OUTER_BOUND('',#417,.T.);
#257=FACE_OUTER_BOUND('',#418,.T.);
#258=FACE_OUTER_BOUND('',#419,.T.);
#259=FACE_OUTER_BOUND('',#420,.T.);
#260=FACE_OUTER_BOUND('',#421,.T.);
#261=FACE_OUTER_BOUND('',#422,.T.);
#262=FACE_OUTER_BOUND('',#423,.T.);
#263=FACE_OUTER_BOUND('',#424,.T.);
#264=FACE_OUTER_BOUND('',#425,.T.);
#265=FACE_OUTER_BOUND('',#426,.T.);
#266=FACE_OUTER_BOUND('',#427,.T.);
#267=FACE_OUTER_BOUND('',#428,.T.);
#268=FACE_OUTER_BOUND('',#429,.T.);
#269=FACE_OUTER_BOUND('',#430,.T.);
#270=FACE_OUTER_BOUND('',#431,.T.);
#271=FACE_OUTER_BOUND('',#432,.T.);
#272=FACE_OUTER_BOUND('',#433,.T.);
#273=FACE_OUTER_BOUND('',#434,.T.);
#274=FACE_OUTER_BOUND('',#435,.T.);
#275=FACE_OUTER_BOUND('',#436,.T.);
#276=FACE_OUTER_BOUND('',#438,.T.);
#277=FACE_OUTER_BOUND('',#439,.T.);
#278=FACE_OUTER_BOUND('',#440,.T.);
#279=FACE_OUTER_BOUND('',#441,.T.);
#280=FACE_OUTER_BOUND('',#442,.T.);
#281=FACE_OUTER_BOUND('',#443,.T.);
#282=FACE_OUTER_BOUND('',#444,.T.);
#283=FACE_OUTER_BOUND('',#445,.T.);
#284=FACE_OUTER_BOUND('',#446,.T.);
#285=FACE_OUTER_BOUND('',#447,.T.);
#286=FACE_OUTER_BOUND('',#448,.T.);
#287=FACE_OUTER_BOUND('',#449,.T.);
#288=FACE_OUTER_BOUND('',#450,.T.);
#289=FACE_OUTER_BOUND('',#452,.T.);
#290=FACE_OUTER_BOUND('',#453,.T.);
#291=FACE_OUTER_BOUND('',#454,.T.);
#292=FACE_OUTER_BOUND('',#455,.T.);
#293=FACE_OUTER_BOUND('',#456,.T.);
#294=FACE_OUTER_BOUND('',#457,.T.);
#295=FACE_OUTER_BOUND('',#458,.T.);
#296=FACE_OUTER_BOUND('',#459,.T.);
#297=FACE_OUTER_BOUND('',#460,.T.);
#298=FACE_OUTER_BOUND('',#461,.T.);
#299=FACE_OUTER_BOUND('',#462,.T.);
#300=FACE_OUTER_BOUND('',#463,.T.);
#301=FACE_OUTER_BOUND('',#464,.T.);
#302=FACE_OUTER_BOUND('',#465,.T.);
#303=FACE_OUTER_BOUND('',#466,.T.);
#304=FACE_OUTER_BOUND('',#467,.T.);
#305=EDGE_LOOP('',(#1561,#1562,#1563,#1564));
#306=EDGE_LOOP('',(#1565,#1566,#1567));
#307=EDGE_LOOP('',(#1568,#1569,#1570,#1571));
#308=EDGE_LOOP('',(#1572,#1573,#1574));
#309=EDGE_LOOP('',(#1575,#1576,#1577,#1578));
#310=EDGE_LOOP('',(#1579,#1580,#1581));
#311=EDGE_LOOP('',(#1582,#1583,#1584));
#312=EDGE_LOOP('',(#1585,#1586,#1587,#1588,#1589,#1590,#1591,#1592));
#313=EDGE_LOOP('',(#1593,#1594,#1595,#1596,#1597,#1598,#1599,#1600,#1601,
#1602,#1603,#1604,#1605,#1606,#1607,#1608,#1609,#1610,#1611,#1612));
#314=EDGE_LOOP('',(#1613,#1614,#1615,#1616));
#315=EDGE_LOOP('',(#1617,#1618,#1619,#1620,#1621,#1622));
#316=EDGE_LOOP('',(#1623,#1624,#1625,#1626));
#317=EDGE_LOOP('',(#1627,#1628,#1629,#1630));
#318=EDGE_LOOP('',(#1631,#1632,#1633,#1634,#1635));
#319=EDGE_LOOP('',(#1636,#1637,#1638,#1639));
#320=EDGE_LOOP('',(#1640,#1641,#1642,#1643,#1644));
#321=EDGE_LOOP('',(#1645,#1646,#1647,#1648,#1649,#1650,#1651,#1652,#1653,
#1654,#1655,#1656,#1657,#1658,#1659,#1660,#1661,#1662,#1663));
#322=EDGE_LOOP('',(#1664,#1665,#1666,#1667,#1668,#1669,#1670,#1671));
#323=EDGE_LOOP('',(#1672,#1673,#1674,#1675,#1676,#1677,#1678,#1679,#1680,
#1681,#1682,#1683,#1684,#1685));
#324=EDGE_LOOP('',(#1686,#1687,#1688,#1689,#1690));
#325=EDGE_LOOP('',(#1691,#1692,#1693,#1694,#1695,#1696,#1697,#1698));
#326=EDGE_LOOP('',(#1699,#1700,#1701,#1702,#1703,#1704,#1705));
#327=EDGE_LOOP('',(#1706,#1707,#1708,#1709));
#328=EDGE_LOOP('',(#1710,#1711,#1712,#1713));
#329=EDGE_LOOP('',(#1714,#1715,#1716,#1717));
#330=EDGE_LOOP('',(#1718,#1719,#1720,#1721));
#331=EDGE_LOOP('',(#1722,#1723,#1724,#1725,#1726));
#332=EDGE_LOOP('',(#1727,#1728,#1729));
#333=EDGE_LOOP('',(#1730,#1731,#1732,#1733));
#334=EDGE_LOOP('',(#1734,#1735,#1736,#1737));
#335=EDGE_LOOP('',(#1738,#1739,#1740,#1741));
#336=EDGE_LOOP('',(#1742,#1743,#1744,#1745,#1746));
#337=EDGE_LOOP('',(#1747,#1748,#1749,#1750));
#338=EDGE_LOOP('',(#1751,#1752,#1753));
#339=EDGE_LOOP('',(#1754,#1755,#1756));
#340=EDGE_LOOP('',(#1757,#1758,#1759));
#341=EDGE_LOOP('',(#1760,#1761,#1762,#1763,#1764,#1765));
#342=EDGE_LOOP('',(#1766,#1767,#1768,#1769));
#343=EDGE_LOOP('',(#1770,#1771,#1772,#1773));
#344=EDGE_LOOP('',(#1774,#1775,#1776));
#345=EDGE_LOOP('',(#1777,#1778,#1779));
#346=EDGE_LOOP('',(#1780,#1781,#1782,#1783));
#347=EDGE_LOOP('',(#1784,#1785,#1786,#1787));
#348=EDGE_LOOP('',(#1788,#1789,#1790,#1791,#1792,#1793,#1794,#1795,#1796,
#1797,#1798,#1799,#1800,#1801,#1802,#1803));
#349=EDGE_LOOP('',(#1804,#1805,#1806));
#350=EDGE_LOOP('',(#1807,#1808,#1809,#1810));
#351=EDGE_LOOP('',(#1811,#1812,#1813));
#352=EDGE_LOOP('',(#1814,#1815,#1816,#1817));
#353=EDGE_LOOP('',(#1818,#1819,#1820,#1821,#1822,#1823,#1824,#1825,#1826,
#1827,#1828,#1829,#1830,#1831,#1832,#1833,#1834,#1835,#1836));
#354=EDGE_LOOP('',(#1837,#1838,#1839,#1840));
#355=EDGE_LOOP('',(#1841,#1842,#1843,#1844,#1845,#1846,#1847,#1848));
#356=EDGE_LOOP('',(#1849));
#357=EDGE_LOOP('',(#1850));
#358=EDGE_LOOP('',(#1851));
#359=EDGE_LOOP('',(#1852));
#360=EDGE_LOOP('',(#1853,#1854,#1855,#1856));
#361=EDGE_LOOP('',(#1857,#1858,#1859,#1860));
#362=EDGE_LOOP('',(#1861,#1862,#1863,#1864));
#363=EDGE_LOOP('',(#1865,#1866,#1867,#1868));
#364=EDGE_LOOP('',(#1869,#1870,#1871,#1872));
#365=EDGE_LOOP('',(#1873,#1874,#1875,#1876));
#366=EDGE_LOOP('',(#1877,#1878,#1879,#1880));
#367=EDGE_LOOP('',(#1881,#1882,#1883,#1884));
#368=EDGE_LOOP('',(#1885,#1886,#1887,#1888));
#369=EDGE_LOOP('',(#1889,#1890,#1891,#1892));
#370=EDGE_LOOP('',(#1893,#1894,#1895,#1896));
#371=EDGE_LOOP('',(#1897,#1898,#1899,#1900));
#372=EDGE_LOOP('',(#1901,#1902,#1903,#1904));
#373=EDGE_LOOP('',(#1905,#1906,#1907,#1908));
#374=EDGE_LOOP('',(#1909,#1910,#1911,#1912));
#375=EDGE_LOOP('',(#1913,#1914,#1915,#1916));
#376=EDGE_LOOP('',(#1917,#1918,#1919,#1920));
#377=EDGE_LOOP('',(#1921,#1922,#1923,#1924));
#378=EDGE_LOOP('',(#1925,#1926,#1927,#1928,#1929,#1930,#1931,#1932));
#379=EDGE_LOOP('',(#1933,#1934,#1935,#1936));
#380=EDGE_LOOP('',(#1937,#1938,#1939,#1940));
#381=EDGE_LOOP('',(#1941,#1942,#1943,#1944));
#382=EDGE_LOOP('',(#1945,#1946,#1947,#1948));
#383=EDGE_LOOP('',(#1949,#1950,#1951,#1952));
#384=EDGE_LOOP('',(#1953,#1954,#1955,#1956));
#385=EDGE_LOOP('',(#1957,#1958,#1959,#1960));
#386=EDGE_LOOP('',(#1961,#1962,#1963,#1964));
#387=EDGE_LOOP('',(#1965,#1966,#1967,#1968));
#388=EDGE_LOOP('',(#1969,#1970,#1971,#1972));
#389=EDGE_LOOP('',(#1973,#1974,#1975,#1976));
#390=EDGE_LOOP('',(#1977));
#391=EDGE_LOOP('',(#1978));
#392=EDGE_LOOP('',(#1979,#1980,#1981,#1982));
#393=EDGE_LOOP('',(#1983));
#394=EDGE_LOOP('',(#1984));
#395=EDGE_LOOP('',(#1985,#1986,#1987,#1988));
#396=EDGE_LOOP('',(#1989));
#397=EDGE_LOOP('',(#1990,#1991,#1992,#1993));
#398=EDGE_LOOP('',(#1994));
#399=EDGE_LOOP('',(#1995));
#400=EDGE_LOOP('',(#1996,#1997,#1998,#1999));
#401=EDGE_LOOP('',(#2000,#2001,#2002));
#402=EDGE_LOOP('',(#2003,#2004,#2005));
#403=EDGE_LOOP('',(#2006,#2007,#2008,#2009,#2010,#2011,#2012));
#404=EDGE_LOOP('',(#2013,#2014,#2015,#2016));
#405=EDGE_LOOP('',(#2017,#2018,#2019,#2020));
#406=EDGE_LOOP('',(#2021,#2022,#2023,#2024));
#407=EDGE_LOOP('',(#2025,#2026,#2027,#2028));
#408=EDGE_LOOP('',(#2029,#2030,#2031,#2032));
#409=EDGE_LOOP('',(#2033,#2034,#2035,#2036));
#410=EDGE_LOOP('',(#2037,#2038,#2039,#2040));
#411=EDGE_LOOP('',(#2041,#2042,#2043,#2044));
#412=EDGE_LOOP('',(#2045,#2046,#2047,#2048));
#413=EDGE_LOOP('',(#2049,#2050,#2051,#2052));
#414=EDGE_LOOP('',(#2053,#2054,#2055,#2056));
#415=EDGE_LOOP('',(#2057,#2058,#2059,#2060));
#416=EDGE_LOOP('',(#2061,#2062,#2063,#2064));
#417=EDGE_LOOP('',(#2065,#2066,#2067,#2068));
#418=EDGE_LOOP('',(#2069,#2070,#2071,#2072));
#419=EDGE_LOOP('',(#2073,#2074,#2075,#2076));
#420=EDGE_LOOP('',(#2077,#2078,#2079,#2080));
#421=EDGE_LOOP('',(#2081,#2082,#2083,#2084));
#422=EDGE_LOOP('',(#2085,#2086,#2087,#2088));
#423=EDGE_LOOP('',(#2089,#2090,#2091,#2092));
#424=EDGE_LOOP('',(#2093,#2094,#2095,#2096));
#425=EDGE_LOOP('',(#2097,#2098,#2099,#2100));
#426=EDGE_LOOP('',(#2101,#2102,#2103,#2104));
#427=EDGE_LOOP('',(#2105,#2106,#2107,#2108));
#428=EDGE_LOOP('',(#2109,#2110,#2111,#2112));
#429=EDGE_LOOP('',(#2113,#2114,#2115,#2116));
#430=EDGE_LOOP('',(#2117,#2118,#2119,#2120));
#431=EDGE_LOOP('',(#2121,#2122,#2123,#2124));
#432=EDGE_LOOP('',(#2125,#2126,#2127,#2128));
#433=EDGE_LOOP('',(#2129,#2130,#2131,#2132));
#434=EDGE_LOOP('',(#2133,#2134,#2135,#2136));
#435=EDGE_LOOP('',(#2137,#2138,#2139,#2140));
#436=EDGE_LOOP('',(#2141));
#437=EDGE_LOOP('',(#2142));
#438=EDGE_LOOP('',(#2143,#2144,#2145,#2146));
#439=EDGE_LOOP('',(#2147));
#440=EDGE_LOOP('',(#2148,#2149,#2150,#2151));
#441=EDGE_LOOP('',(#2152,#2153,#2154,#2155));
#442=EDGE_LOOP('',(#2156,#2157,#2158,#2159));
#443=EDGE_LOOP('',(#2160,#2161,#2162,#2163));
#444=EDGE_LOOP('',(#2164,#2165,#2166,#2167));
#445=EDGE_LOOP('',(#2168,#2169,#2170,#2171));
#446=EDGE_LOOP('',(#2172,#2173,#2174,#2175));
#447=EDGE_LOOP('',(#2176,#2177,#2178,#2179));
#448=EDGE_LOOP('',(#2180,#2181,#2182,#2183));
#449=EDGE_LOOP('',(#2184,#2185,#2186,#2187));
#450=EDGE_LOOP('',(#2188));
#451=EDGE_LOOP('',(#2189));
#452=EDGE_LOOP('',(#2190,#2191,#2192,#2193));
#453=EDGE_LOOP('',(#2194,#2195,#2196,#2197,#2198));
#454=EDGE_LOOP('',(#2199,#2200,#2201,#2202));
#455=EDGE_LOOP('',(#2203,#2204,#2205,#2206));
#456=EDGE_LOOP('',(#2207,#2208,#2209,#2210));
#457=EDGE_LOOP('',(#2211,#2212,#2213,#2214));
#458=EDGE_LOOP('',(#2215,#2216,#2217,#2218));
#459=EDGE_LOOP('',(#2219,#2220,#2221,#2222));
#460=EDGE_LOOP('',(#2223,#2224,#2225,#2226));
#461=EDGE_LOOP('',(#2227,#2228,#2229,#2230));
#462=EDGE_LOOP('',(#2231,#2232,#2233,#2234,#2235,#2236,#2237,#2238));
#463=EDGE_LOOP('',(#2239,#2240,#2241,#2242));
#464=EDGE_LOOP('',(#2243,#2244,#2245,#2246));
#465=EDGE_LOOP('',(#2247,#2248,#2249,#2250));
#466=EDGE_LOOP('',(#2251,#2252,#2253,#2254));
#467=EDGE_LOOP('',(#2255,#2256,#2257,#2258));
#468=LINE('',#3527,#703);
#469=LINE('',#3530,#704);
#470=LINE('',#3539,#705);
#471=LINE('',#3542,#706);
#472=LINE('',#3553,#707);
#473=LINE('',#3554,#708);
#474=LINE('',#3561,#709);
#475=LINE('',#3565,#710);
#476=LINE('',#3578,#711);
#477=LINE('',#3590,#712);
#478=LINE('',#3593,#713);
#479=LINE('',#3595,#714);
#480=LINE('',#3597,#715);
#481=LINE('',#3599,#716);
#482=LINE('',#3601,#717);
#483=LINE('',#3603,#718);
#484=LINE('',#3605,#719);
#485=LINE('',#3609,#720);
#486=LINE('',#3611,#721);
#487=LINE('',#3613,#722);
#488=LINE('',#3617,#723);
#489=LINE('',#3619,#724);
#490=LINE('',#3621,#725);
#491=LINE('',#3623,#726);
#492=LINE('',#3625,#727);
#493=LINE('',#3626,#728);
#494=LINE('',#3629,#729);
#495=LINE('',#3633,#730);
#496=LINE('',#3635,#731);
#497=LINE('',#3637,#732);
#498=LINE('',#3638,#733);
#499=LINE('',#3641,#734);
#500=LINE('',#3644,#735);
#501=LINE('',#3647,#736);
#502=LINE('',#3651,#737);
#503=LINE('',#3656,#738);
#504=LINE('',#3658,#739);
#505=LINE('',#3659,#740);
#506=LINE('',#3660,#741);
#507=LINE('',#3663,#742);
#508=LINE('',#3665,#743);
#509=LINE('',#3667,#744);
#510=LINE('',#3668,#745);
#511=LINE('',#3671,#746);
#512=LINE('',#3673,#747);
#513=LINE('',#3674,#748);
#514=LINE('',#3676,#749);
#515=LINE('',#3678,#750);
#516=LINE('',#3680,#751);
#517=LINE('',#3682,#752);
#518=LINE('',#3684,#753);
#519=LINE('',#3686,#754);
#520=LINE('',#3688,#755);
#521=LINE('',#3690,#756);
#522=LINE('',#3693,#757);
#523=LINE('',#3694,#758);
#524=LINE('',#3699,#759);
#525=LINE('',#3702,#760);
#526=LINE('',#3704,#761);
#527=LINE('',#3707,#762);
#528=LINE('',#3710,#763);
#529=LINE('',#3714,#764);
#530=LINE('',#3718,#765);
#531=LINE('',#3721,#766);
#532=LINE('',#3723,#767);
#533=LINE('',#3725,#768);
#534=LINE('',#3726,#769);
#535=LINE('',#3728,#770);
#536=LINE('',#3729,#771);
#537=LINE('',#3743,#772);
#538=LINE('',#3761,#773);
#539=LINE('',#3762,#774);
#540=LINE('',#3765,#775);
#541=LINE('',#3768,#776);
#542=LINE('',#3769,#777);
#543=LINE('',#3771,#778);
#544=LINE('',#3772,#779);
#545=LINE('',#3777,#780);
#546=LINE('',#3780,#781);
#547=LINE('',#3783,#782);
#548=LINE('',#3785,#783);
#549=LINE('',#3790,#784);
#550=LINE('',#3792,#785);
#551=LINE('',#3793,#786);
#552=LINE('',#3796,#787);
#553=LINE('',#3799,#788);
#554=LINE('',#3809,#789);
#555=LINE('',#3815,#790);
#556=LINE('',#3819,#791);
#557=LINE('',#3821,#792);
#558=LINE('',#3825,#793);
#559=LINE('',#3831,#794);
#560=LINE('',#3840,#795);
#561=LINE('',#3841,#796);
#562=LINE('',#3844,#797);
#563=LINE('',#3848,#798);
#564=LINE('',#3850,#799);
#565=LINE('',#3851,#800);
#566=LINE('',#3852,#801);
#567=LINE('',#3856,#802);
#568=LINE('',#3858,#803);
#569=LINE('',#3860,#804);
#570=LINE('',#3864,#805);
#571=LINE('',#3866,#806);
#572=LINE('',#3867,#807);
#573=LINE('',#3881,#808);
#574=LINE('',#3882,#809);
#575=LINE('',#3885,#810);
#576=LINE('',#3886,#811);
#577=LINE('',#3888,#812);
#578=LINE('',#3890,#813);
#579=LINE('',#3891,#814);
#580=LINE('',#3893,#815);
#581=LINE('',#3895,#816);
#582=LINE('',#3896,#817);
#583=LINE('',#3898,#818);
#584=LINE('',#3900,#819);
#585=LINE('',#3901,#820);
#586=LINE('',#3905,#821);
#587=LINE('',#3907,#822);
#588=LINE('',#3911,#823);
#589=LINE('',#3924,#824);
#590=LINE('',#3928,#825);
#591=LINE('',#3932,#826);
#592=LINE('',#3935,#827);
#593=LINE('',#3938,#828);
#594=LINE('',#3941,#829);
#595=LINE('',#3943,#830);
#596=LINE('',#3944,#831);
#597=LINE('',#3946,#832);
#598=LINE('',#3947,#833);
#599=LINE('',#3949,#834);
#600=LINE('',#3952,#835);
#601=LINE('',#3957,#836);
#602=LINE('',#3961,#837);
#603=LINE('',#3965,#838);
#604=LINE('',#3968,#839);
#605=LINE('',#3971,#840);
#606=LINE('',#3974,#841);
#607=LINE('',#3976,#842);
#608=LINE('',#3977,#843);
#609=LINE('',#3980,#844);
#610=LINE('',#3982,#845);
#611=LINE('',#3983,#846);
#612=LINE('',#3985,#847);
#613=LINE('',#3986,#848);
#614=LINE('',#3989,#849);
#615=LINE('',#3990,#850);
#616=LINE('',#3996,#851);
#617=LINE('',#4000,#852);
#618=LINE('',#4004,#853);
#619=LINE('',#4007,#854);
#620=LINE('',#4010,#855);
#621=LINE('',#4013,#856);
#622=LINE('',#4015,#857);
#623=LINE('',#4016,#858);
#624=LINE('',#4018,#859);
#625=LINE('',#4019,#860);
#626=LINE('',#4021,#861);
#627=LINE('',#4024,#862);
#628=LINE('',#4027,#863);
#629=LINE('',#4035,#864);
#630=LINE('',#4042,#865);
#631=LINE('',#4047,#866);
#632=LINE('',#4055,#867);
#633=LINE('',#4065,#868);
#634=LINE('',#4073,#869);
#635=LINE('',#4074,#870);
#636=LINE('',#4075,#871);
#637=LINE('',#4078,#872);
#638=LINE('',#4079,#873);
#639=LINE('',#4083,#874);
#640=LINE('',#4084,#875);
#641=LINE('',#4085,#876);
#642=LINE('',#4088,#877);
#643=LINE('',#4089,#878);
#644=LINE('',#4093,#879);
#645=LINE('',#4095,#880);
#646=LINE('',#4097,#881);
#647=LINE('',#4098,#882);
#648=LINE('',#4101,#883);
#649=LINE('',#4102,#884);
#650=LINE('',#4104,#885);
#651=LINE('',#4116,#886);
#652=LINE('',#4118,#887);
#653=LINE('',#4120,#888);
#654=LINE('',#4121,#889);
#655=LINE('',#4124,#890);
#656=LINE('',#4125,#891);
#657=LINE('',#4127,#892);
#658=LINE('',#4139,#893);
#659=LINE('',#4140,#894);
#660=LINE('',#4141,#895);
#661=LINE('',#4144,#896);
#662=LINE('',#4146,#897);
#663=LINE('',#4147,#898);
#664=LINE('',#4151,#899);
#665=LINE('',#4153,#900);
#666=LINE('',#4155,#901);
#667=LINE('',#4156,#902);
#668=LINE('',#4159,#903);
#669=LINE('',#4161,#904);
#670=LINE('',#4162,#905);
#671=LINE('',#4164,#906);
#672=LINE('',#4165,#907);
#673=LINE('',#4176,#908);
#674=LINE('',#4183,#909);
#675=LINE('',#4189,#910);
#676=LINE('',#4190,#911);
#677=LINE('',#4191,#912);
#678=LINE('',#4194,#913);
#679=LINE('',#4195,#914);
#680=LINE('',#4199,#915);
#681=LINE('',#4201,#916);
#682=LINE('',#4203,#917);
#683=LINE('',#4204,#918);
#684=LINE('',#4207,#919);
#685=LINE('',#4208,#920);
#686=LINE('',#4210,#921);
#687=LINE('',#4221,#922);
#688=LINE('',#4227,#923);
#689=LINE('',#4230,#924);
#690=LINE('',#4232,#925);
#691=LINE('',#4233,#926);
#692=LINE('',#4235,#927);
#693=LINE('',#4239,#928);
#694=LINE('',#4241,#929);
#695=LINE('',#4243,#930);
#696=LINE('',#4244,#931);
#697=LINE('',#4246,#932);
#698=LINE('',#4256,#933);
#699=LINE('',#4258,#934);
#700=LINE('',#4261,#935);
#701=LINE('',#4262,#936);
#702=LINE('',#4263,#937);
#703=VECTOR('',#2766,10.);
#704=VECTOR('',#2769,10.);
#705=VECTOR('',#2780,10.);
#706=VECTOR('',#2783,10.);
#707=VECTOR('',#2796,10.);
#708=VECTOR('',#2797,10.);
#709=VECTOR('',#2808,10.);
#710=VECTOR('',#2811,10.);
#711=VECTOR('',#2812,10.);
#712=VECTOR('',#2813,10.);
#713=VECTOR('',#2816,10.);
#714=VECTOR('',#2817,10.);
#715=VECTOR('',#2818,10.);
#716=VECTOR('',#2819,10.);
#717=VECTOR('',#2820,10.);
#718=VECTOR('',#2821,10.);
#719=VECTOR('',#2822,10.);
#720=VECTOR('',#2825,10.);
#721=VECTOR('',#2826,10.);
#722=VECTOR('',#2827,10.);
#723=VECTOR('',#2830,10.);
#724=VECTOR('',#2831,10.);
#725=VECTOR('',#2832,10.);
#726=VECTOR('',#2833,10.);
#727=VECTOR('',#2834,10.);
#728=VECTOR('',#2835,10.);
#729=VECTOR('',#2838,10.);
#730=VECTOR('',#2843,10.);
#731=VECTOR('',#2844,10.);
#732=VECTOR('',#2845,10.);
#733=VECTOR('',#2846,10.);
#734=VECTOR('',#2849,10.);
#735=VECTOR('',#2854,10.);
#736=VECTOR('',#2857,10.);
#737=VECTOR('',#2860,10.);
#738=VECTOR('',#2865,10.);
#739=VECTOR('',#2866,10.);
#740=VECTOR('',#2867,10.);
#741=VECTOR('',#2868,10.);
#742=VECTOR('',#2871,10.);
#743=VECTOR('',#2872,10.);
#744=VECTOR('',#2873,10.);
#745=VECTOR('',#2874,10.);
#746=VECTOR('',#2877,10.);
#747=VECTOR('',#2878,10.);
#748=VECTOR('',#2879,10.);
#749=VECTOR('',#2880,10.);
#750=VECTOR('',#2881,10.);
#751=VECTOR('',#2882,10.);
#752=VECTOR('',#2883,10.);
#753=VECTOR('',#2884,10.);
#754=VECTOR('',#2885,10.);
#755=VECTOR('',#2886,10.);
#756=VECTOR('',#2887,10.);
#757=VECTOR('',#2890,10.);
#758=VECTOR('',#2891,10.);
#759=VECTOR('',#2894,10.);
#760=VECTOR('',#2897,10.);
#761=VECTOR('',#2898,10.);
#762=VECTOR('',#2901,10.);
#763=VECTOR('',#2904,10.);
#764=VECTOR('',#2907,10.);
#765=VECTOR('',#2910,10.);
#766=VECTOR('',#2913,10.);
#767=VECTOR('',#2914,10.);
#768=VECTOR('',#2915,10.);
#769=VECTOR('',#2916,10.);
#770=VECTOR('',#2919,10.);
#771=VECTOR('',#2920,10.);
#772=VECTOR('',#2927,10.);
#773=VECTOR('',#2932,10.);
#774=VECTOR('',#2933,10.);
#775=VECTOR('',#2936,10.);
#776=VECTOR('',#2941,10.);
#777=VECTOR('',#2942,10.);
#778=VECTOR('',#2945,10.);
#779=VECTOR('',#2946,10.);
#780=VECTOR('',#2951,10.);
#781=VECTOR('',#2954,10.);
#782=VECTOR('',#2957,10.);
#783=VECTOR('',#2960,10.);
#784=VECTOR('',#2967,10.);
#785=VECTOR('',#2968,10.);
#786=VECTOR('',#2969,10.);
#787=VECTOR('',#2972,10.);
#788=VECTOR('',#2977,10.);
#789=VECTOR('',#2980,10.);
#790=VECTOR('',#2989,10.);
#791=VECTOR('',#2996,10.);
#792=VECTOR('',#2999,10.);
#793=VECTOR('',#3004,10.);
#794=VECTOR('',#3011,10.);
#795=VECTOR('',#3024,10.);
#796=VECTOR('',#3025,10.);
#797=VECTOR('',#3028,10.);
#798=VECTOR('',#3033,2.25);
#799=VECTOR('',#3034,10.);
#800=VECTOR('',#3035,10.);
#801=VECTOR('',#3036,10.);
#802=VECTOR('',#3039,10.);
#803=VECTOR('',#3040,10.);
#804=VECTOR('',#3041,10.);
#805=VECTOR('',#3044,10.);
#806=VECTOR('',#3045,10.);
#807=VECTOR('',#3046,10.);
#808=VECTOR('',#3067,10.);
#809=VECTOR('',#3068,10.);
#810=VECTOR('',#3071,10.);
#811=VECTOR('',#3072,10.);
#812=VECTOR('',#3073,10.);
#813=VECTOR('',#3074,10.);
#814=VECTOR('',#3075,10.);
#815=VECTOR('',#3076,10.);
#816=VECTOR('',#3077,10.);
#817=VECTOR('',#3078,10.);
#818=VECTOR('',#3079,10.);
#819=VECTOR('',#3080,10.);
#820=VECTOR('',#3081,10.);
#821=VECTOR('',#3086,10.);
#822=VECTOR('',#3089,10.);
#823=VECTOR('',#3092,10.);
#824=VECTOR('',#3105,10.);
#825=VECTOR('',#3108,10.);
#826=VECTOR('',#3113,10.);
#827=VECTOR('',#3116,10.);
#828=VECTOR('',#3119,10.);
#829=VECTOR('',#3122,10.);
#830=VECTOR('',#3125,10.);
#831=VECTOR('',#3126,10.);
#832=VECTOR('',#3129,10.);
#833=VECTOR('',#3130,10.);
#834=VECTOR('',#3133,10.);
#835=VECTOR('',#3138,10.);
#836=VECTOR('',#3143,10.);
#837=VECTOR('',#3146,10.);
#838=VECTOR('',#3151,10.);
#839=VECTOR('',#3154,10.);
#840=VECTOR('',#3157,10.);
#841=VECTOR('',#3160,10.);
#842=VECTOR('',#3163,10.);
#843=VECTOR('',#3164,10.);
#844=VECTOR('',#3167,10.);
#845=VECTOR('',#3168,10.);
#846=VECTOR('',#3169,10.);
#847=VECTOR('',#3172,10.);
#848=VECTOR('',#3173,10.);
#849=VECTOR('',#3178,10.);
#850=VECTOR('',#3179,10.);
#851=VECTOR('',#3186,10.);
#852=VECTOR('',#3189,10.);
#853=VECTOR('',#3194,10.);
#854=VECTOR('',#3197,10.);
#855=VECTOR('',#3200,10.);
#856=VECTOR('',#3203,10.);
#857=VECTOR('',#3206,10.);
#858=VECTOR('',#3207,10.);
#859=VECTOR('',#3210,10.);
#860=VECTOR('',#3211,10.);
#861=VECTOR('',#3214,10.);
#862=VECTOR('',#3219,10.);
#863=VECTOR('',#3224,10.);
#864=VECTOR('',#3235,2.5);
#865=VECTOR('',#3244,2.5);
#866=VECTOR('',#3251,2.5);
#867=VECTOR('',#3262,2.5);
#868=VECTOR('',#3277,10.);
#869=VECTOR('',#3288,10.);
#870=VECTOR('',#3289,10.);
#871=VECTOR('',#3290,10.);
#872=VECTOR('',#3293,10.);
#873=VECTOR('',#3294,10.);
#874=VECTOR('',#3297,10.);
#875=VECTOR('',#3298,10.);
#876=VECTOR('',#3299,10.);
#877=VECTOR('',#3302,10.);
#878=VECTOR('',#3303,10.);
#879=VECTOR('',#3306,10.);
#880=VECTOR('',#3307,10.);
#881=VECTOR('',#3308,10.);
#882=VECTOR('',#3309,10.);
#883=VECTOR('',#3312,10.);
#884=VECTOR('',#3313,10.);
#885=VECTOR('',#3316,10.);
#886=VECTOR('',#3335,10.);
#887=VECTOR('',#3336,10.);
#888=VECTOR('',#3337,10.);
#889=VECTOR('',#3338,10.);
#890=VECTOR('',#3341,10.);
#891=VECTOR('',#3342,10.);
#892=VECTOR('',#3345,10.);
#893=VECTOR('',#3364,10.);
#894=VECTOR('',#3365,10.);
#895=VECTOR('',#3366,10.);
#896=VECTOR('',#3369,10.);
#897=VECTOR('',#3370,10.);
#898=VECTOR('',#3371,10.);
#899=VECTOR('',#3374,10.);
#900=VECTOR('',#3375,10.);
#901=VECTOR('',#3376,10.);
#902=VECTOR('',#3377,10.);
#903=VECTOR('',#3380,10.);
#904=VECTOR('',#3381,10.);
#905=VECTOR('',#3382,10.);
#906=VECTOR('',#3385,10.);
#907=VECTOR('',#3386,10.);
#908=VECTOR('',#3405,2.5);
#909=VECTOR('',#3414,2.5);
#910=VECTOR('',#3421,10.);
#911=VECTOR('',#3422,10.);
#912=VECTOR('',#3423,10.);
#913=VECTOR('',#3426,10.);
#914=VECTOR('',#3427,10.);
#915=VECTOR('',#3430,10.);
#916=VECTOR('',#3431,10.);
#917=VECTOR('',#3432,10.);
#918=VECTOR('',#3433,10.);
#919=VECTOR('',#3436,10.);
#920=VECTOR('',#3437,10.);
#921=VECTOR('',#3440,10.);
#922=VECTOR('',#3459,2.5);
#923=VECTOR('',#3468,2.5);
#924=VECTOR('',#3471,10.);
#925=VECTOR('',#3472,10.);
#926=VECTOR('',#3473,10.);
#927=VECTOR('',#3476,10.);
#928=VECTOR('',#3479,10.);
#929=VECTOR('',#3480,10.);
#930=VECTOR('',#3481,10.);
#931=VECTOR('',#3482,10.);
#932=VECTOR('',#3485,10.);
#933=VECTOR('',#3504,10.);
#934=VECTOR('',#3507,10.);
#935=VECTOR('',#3512,10.);
#936=VECTOR('',#3513,10.);
#937=VECTOR('',#3514,10.);
#938=CIRCLE('',#2499,2.25);
#939=CIRCLE('',#2500,2.25);
#940=CIRCLE('',#2502,2.25);
#941=CIRCLE('',#2503,2.25);
#942=CIRCLE('',#2505,2.25);
#943=CIRCLE('',#2506,2.25);
#944=CIRCLE('',#2508,2.25);
#945=CIRCLE('',#2509,2.25);
#946=CIRCLE('',#2510,2.25);
#947=CIRCLE('',#2512,2.25);
#948=CIRCLE('',#2514,2.25);
#949=CIRCLE('',#2516,2.25);
#950=CIRCLE('',#2520,2.25);
#951=CIRCLE('',#2521,2.25);
#952=CIRCLE('',#2526,2.25);
#953=CIRCLE('',#2529,1.58);
#954=CIRCLE('',#2530,1.58);
#955=CIRCLE('',#2534,2.25);
#956=CIRCLE('',#2535,1.58);
#957=CIRCLE('',#2536,1.58);
#958=CIRCLE('',#2537,1.58);
#959=CIRCLE('',#2539,1.57999999999999);
#960=CIRCLE('',#2540,1.58);
#961=CIRCLE('',#2541,1.57999999999999);
#962=CIRCLE('',#2544,2.25);
#963=CIRCLE('',#2549,2.24999999999999);
#964=CIRCLE('',#2554,2.25);
#965=CIRCLE('',#2556,2.25);
#966=CIRCLE('',#2558,2.25);
#967=CIRCLE('',#2561,2.25);
#968=CIRCLE('',#2564,2.25000000000001);
#969=CIRCLE('',#2567,2.25);
#970=CIRCLE('',#2573,2.25);
#971=CIRCLE('',#2575,2.25);
#972=CIRCLE('',#2576,2.25);
#973=CIRCLE('',#2578,2.25);
#974=CIRCLE('',#2579,2.25);
#975=CIRCLE('',#2581,2.25);
#976=CIRCLE('',#2584,2.25);
#977=CIRCLE('',#2586,2.25);
#978=CIRCLE('',#2587,2.25);
#979=CIRCLE('',#2589,2.25000000000001);
#980=CIRCLE('',#2590,2.25);
#981=CIRCLE('',#2591,2.25);
#982=CIRCLE('',#2593,2.25);
#983=CIRCLE('',#2595,2.25);
#984=CIRCLE('',#2597,2.25);
#985=CIRCLE('',#2600,2.25);
#986=CIRCLE('',#2602,2.25);
#987=CIRCLE('',#2603,2.25);
#988=CIRCLE('',#2604,3.5);
#989=CIRCLE('',#2605,3.5);
#990=CIRCLE('',#2606,3.5);
#991=CIRCLE('',#2607,3.5);
#992=CIRCLE('',#2651,3.5);
#993=CIRCLE('',#2652,2.2);
#994=CIRCLE('',#2655,3.5);
#995=CIRCLE('',#2656,2.2);
#996=CIRCLE('',#2659,2.2);
#997=CIRCLE('',#2662,2.2);
#998=CIRCLE('',#2664,2.2);
#999=CIRCLE('',#2667,2.25);
#1000=CIRCLE('',#2668,2.25);
#1001=CIRCLE('',#2670,2.25000000000001);
#1002=CIRCLE('',#2671,2.25);
#1003=CIRCLE('',#2717,3.5);
#1004=CIRCLE('',#2719,2.2);
#1005=CIRCLE('',#2721,2.2);
#1006=CIRCLE('',#2737,3.5);
#1007=CIRCLE('',#2739,2.2);
#1008=VERTEX_POINT('',#3523);
#1009=VERTEX_POINT('',#3524);
#1010=VERTEX_POINT('',#3526);
#1011=VERTEX_POINT('',#3528);
#1012=VERTEX_POINT('',#3532);
#1013=VERTEX_POINT('',#3536);
#1014=VERTEX_POINT('',#3538);
#1015=VERTEX_POINT('',#3540);
#1016=VERTEX_POINT('',#3544);
#1017=VERTEX_POINT('',#3545);
#1018=VERTEX_POINT('',#3547);
#1019=VERTEX_POINT('',#3551);
#1020=VERTEX_POINT('',#3560);
#1021=VERTEX_POINT('',#3562);
#1022=VERTEX_POINT('',#3564);
#1023=VERTEX_POINT('',#3566);
#1024=VERTEX_POINT('',#3577);
#1025=VERTEX_POINT('',#3579);
#1026=VERTEX_POINT('',#3592);
#1027=VERTEX_POINT('',#3594);
#1028=VERTEX_POINT('',#3596);
#1029=VERTEX_POINT('',#3598);
#1030=VERTEX_POINT('',#3600);
#1031=VERTEX_POINT('',#3602);
#1032=VERTEX_POINT('',#3604);
#1033=VERTEX_POINT('',#3606);
#1034=VERTEX_POINT('',#3608);
#1035=VERTEX_POINT('',#3610);
#1036=VERTEX_POINT('',#3612);
#1037=VERTEX_POINT('',#3614);
#1038=VERTEX_POINT('',#3616);
#1039=VERTEX_POINT('',#3618);
#1040=VERTEX_POINT('',#3620);
#1041=VERTEX_POINT('',#3622);
#1042=VERTEX_POINT('',#3624);
#1043=VERTEX_POINT('',#3628);
#1044=VERTEX_POINT('',#3632);
#1045=VERTEX_POINT('',#3634);
#1046=VERTEX_POINT('',#3636);
#1047=VERTEX_POINT('',#3640);
#1048=VERTEX_POINT('',#3646);
#1049=VERTEX_POINT('',#3648);
#1050=VERTEX_POINT('',#3650);
#1051=VERTEX_POINT('',#3654);
#1052=VERTEX_POINT('',#3655);
#1053=VERTEX_POINT('',#3657);
#1054=VERTEX_POINT('',#3662);
#1055=VERTEX_POINT('',#3664);
#1056=VERTEX_POINT('',#3666);
#1057=VERTEX_POINT('',#3670);
#1058=VERTEX_POINT('',#3672);
#1059=VERTEX_POINT('',#3675);
#1060=VERTEX_POINT('',#3677);
#1061=VERTEX_POINT('',#3679);
#1062=VERTEX_POINT('',#3681);
#1063=VERTEX_POINT('',#3683);
#1064=VERTEX_POINT('',#3685);
#1065=VERTEX_POINT('',#3687);
#1066=VERTEX_POINT('',#3689);
#1067=VERTEX_POINT('',#3691);
#1068=VERTEX_POINT('',#3695);
#1069=VERTEX_POINT('',#3696);
#1070=VERTEX_POINT('',#3698);
#1071=VERTEX_POINT('',#3700);
#1072=VERTEX_POINT('',#3703);
#1073=VERTEX_POINT('',#3705);
#1074=VERTEX_POINT('',#3709);
#1075=VERTEX_POINT('',#3711);
#1076=VERTEX_POINT('',#3713);
#1077=VERTEX_POINT('',#3715);
#1078=VERTEX_POINT('',#3717);
#1079=VERTEX_POINT('',#3720);
#1080=VERTEX_POINT('',#3722);
#1081=VERTEX_POINT('',#3724);
#1082=VERTEX_POINT('',#3731);
#1083=VERTEX_POINT('',#3733);
#1084=VERTEX_POINT('',#3735);
#1085=VERTEX_POINT('',#3742);
#1086=VERTEX_POINT('',#3744);
#1087=VERTEX_POINT('',#3753);
#1088=VERTEX_POINT('',#3760);
#1089=VERTEX_POINT('',#3764);
#1090=VERTEX_POINT('',#3774);
#1091=VERTEX_POINT('',#3776);
#1092=VERTEX_POINT('',#3778);
#1093=VERTEX_POINT('',#3782);
#1094=VERTEX_POINT('',#3789);
#1095=VERTEX_POINT('',#3791);
#1096=VERTEX_POINT('',#3795);
#1097=VERTEX_POINT('',#3801);
#1098=VERTEX_POINT('',#3808);
#1099=VERTEX_POINT('',#3812);
#1100=VERTEX_POINT('',#3823);
#1101=VERTEX_POINT('',#3827);
#1102=VERTEX_POINT('',#3829);
#1103=VERTEX_POINT('',#3833);
#1104=VERTEX_POINT('',#3839);
#1105=VERTEX_POINT('',#3843);
#1106=VERTEX_POINT('',#3847);
#1107=VERTEX_POINT('',#3849);
#1108=VERTEX_POINT('',#3853);
#1109=VERTEX_POINT('',#3855);
#1110=VERTEX_POINT('',#3857);
#1111=VERTEX_POINT('',#3859);
#1112=VERTEX_POINT('',#3861);
#1113=VERTEX_POINT('',#3863);
#1114=VERTEX_POINT('',#3865);
#1115=VERTEX_POINT('',#3870);
#1116=VERTEX_POINT('',#3878);
#1117=VERTEX_POINT('',#3879);
#1118=VERTEX_POINT('',#3884);
#1119=VERTEX_POINT('',#3887);
#1120=VERTEX_POINT('',#3889);
#1121=VERTEX_POINT('',#3892);
#1122=VERTEX_POINT('',#3894);
#1123=VERTEX_POINT('',#3897);
#1124=VERTEX_POINT('',#3899);
#1125=VERTEX_POINT('',#3903);
#1126=VERTEX_POINT('',#3908);
#1127=VERTEX_POINT('',#3910);
#1128=VERTEX_POINT('',#3913);
#1129=VERTEX_POINT('',#3915);
#1130=VERTEX_POINT('',#3917);
#1131=VERTEX_POINT('',#3919);
#1132=VERTEX_POINT('',#3922);
#1133=VERTEX_POINT('',#3923);
#1134=VERTEX_POINT('',#3925);
#1135=VERTEX_POINT('',#3927);
#1136=VERTEX_POINT('',#3931);
#1137=VERTEX_POINT('',#3933);
#1138=VERTEX_POINT('',#3937);
#1139=VERTEX_POINT('',#3939);
#1140=VERTEX_POINT('',#3955);
#1141=VERTEX_POINT('',#3956);
#1142=VERTEX_POINT('',#3958);
#1143=VERTEX_POINT('',#3960);
#1144=VERTEX_POINT('',#3964);
#1145=VERTEX_POINT('',#3966);
#1146=VERTEX_POINT('',#3970);
#1147=VERTEX_POINT('',#3972);
#1148=VERTEX_POINT('',#3979);
#1149=VERTEX_POINT('',#3981);
#1150=VERTEX_POINT('',#3994);
#1151=VERTEX_POINT('',#3995);
#1152=VERTEX_POINT('',#3997);
#1153=VERTEX_POINT('',#3999);
#1154=VERTEX_POINT('',#4003);
#1155=VERTEX_POINT('',#4005);
#1156=VERTEX_POINT('',#4009);
#1157=VERTEX_POINT('',#4011);
#1158=VERTEX_POINT('',#4030);
#1159=VERTEX_POINT('',#4032);
#1160=VERTEX_POINT('',#4037);
#1161=VERTEX_POINT('',#4039);
#1162=VERTEX_POINT('',#4044);
#1163=VERTEX_POINT('',#4049);
#1164=VERTEX_POINT('',#4052);
#1165=VERTEX_POINT('',#4057);
#1166=VERTEX_POINT('',#4061);
#1167=VERTEX_POINT('',#4071);
#1168=VERTEX_POINT('',#4072);
#1169=VERTEX_POINT('',#4077);
#1170=VERTEX_POINT('',#4081);
#1171=VERTEX_POINT('',#4082);
#1172=VERTEX_POINT('',#4087);
#1173=VERTEX_POINT('',#4091);
#1174=VERTEX_POINT('',#4092);
#1175=VERTEX_POINT('',#4094);
#1176=VERTEX_POINT('',#4096);
#1177=VERTEX_POINT('',#4100);
#1178=VERTEX_POINT('',#4114);
#1179=VERTEX_POINT('',#4115);
#1180=VERTEX_POINT('',#4117);
#1181=VERTEX_POINT('',#4119);
#1182=VERTEX_POINT('',#4123);
#1183=VERTEX_POINT('',#4137);
#1184=VERTEX_POINT('',#4138);
#1185=VERTEX_POINT('',#4143);
#1186=VERTEX_POINT('',#4145);
#1187=VERTEX_POINT('',#4149);
#1188=VERTEX_POINT('',#4150);
#1189=VERTEX_POINT('',#4152);
#1190=VERTEX_POINT('',#4154);
#1191=VERTEX_POINT('',#4158);
#1192=VERTEX_POINT('',#4160);
#1193=VERTEX_POINT('',#4175);
#1194=VERTEX_POINT('',#4179);
#1195=VERTEX_POINT('',#4182);
#1196=VERTEX_POINT('',#4187);
#1197=VERTEX_POINT('',#4188);
#1198=VERTEX_POINT('',#4193);
#1199=VERTEX_POINT('',#4197);
#1200=VERTEX_POINT('',#4198);
#1201=VERTEX_POINT('',#4200);
#1202=VERTEX_POINT('',#4202);
#1203=VERTEX_POINT('',#4206);
#1204=VERTEX_POINT('',#4220);
#1205=VERTEX_POINT('',#4224);
#1206=VERTEX_POINT('',#4229);
#1207=VERTEX_POINT('',#4231);
#1208=VERTEX_POINT('',#4237);
#1209=VERTEX_POINT('',#4238);
#1210=VERTEX_POINT('',#4240);
#1211=VERTEX_POINT('',#4242);
#1212=EDGE_CURVE('',#1008,#1009,#938,.T.);
#1213=EDGE_CURVE('',#1009,#1010,#468,.T.);
#1214=EDGE_CURVE('',#1010,#1011,#939,.T.);
#1215=EDGE_CURVE('',#1011,#1008,#469,.T.);
#1216=EDGE_CURVE('',#1010,#1012,#940,.T.);
#1217=EDGE_CURVE('',#1012,#1011,#941,.T.);
#1218=EDGE_CURVE('',#1013,#1008,#942,.T.);
#1219=EDGE_CURVE('',#1008,#1014,#470,.T.);
#1220=EDGE_CURVE('',#1014,#1015,#943,.T.);
#1221=EDGE_CURVE('',#1015,#1013,#471,.T.);
#1222=EDGE_CURVE('',#1016,#1017,#944,.T.);
#1223=EDGE_CURVE('',#1017,#1018,#945,.T.);
#1224=EDGE_CURVE('',#1018,#1016,#946,.T.);
#1225=EDGE_CURVE('',#1019,#1014,#947,.T.);
#1226=EDGE_CURVE('',#1014,#1017,#472,.T.);
#1227=EDGE_CURVE('',#1016,#1019,#473,.T.);
#1228=EDGE_CURVE('',#1019,#1015,#948,.T.);
#1229=EDGE_CURVE('',#1013,#1009,#949,.T.);
#1230=EDGE_CURVE('',#1013,#1020,#474,.T.);
#1231=EDGE_CURVE('',#1020,#1021,#101,.F.);
#1232=EDGE_CURVE('',#1021,#1022,#475,.T.);
#1233=EDGE_CURVE('',#1022,#1023,#95,.T.);
#1234=EDGE_CURVE('',#1023,#1024,#476,.T.);
#1235=EDGE_CURVE('',#1024,#1025,#96,.T.);
#1236=EDGE_CURVE('',#1025,#1009,#477,.T.);
#1237=EDGE_CURVE('',#1026,#1015,#478,.T.);
#1238=EDGE_CURVE('',#1026,#1027,#479,.T.);
#1239=EDGE_CURVE('',#1027,#1028,#480,.T.);
#1240=EDGE_CURVE('',#1028,#1029,#481,.T.);
#1241=EDGE_CURVE('',#1029,#1030,#482,.T.);
#1242=EDGE_CURVE('',#1030,#1031,#483,.T.);
#1243=EDGE_CURVE('',#1031,#1032,#484,.T.);
#1244=EDGE_CURVE('',#1033,#1032,#950,.T.);
#1245=EDGE_CURVE('',#1033,#1034,#485,.T.);
#1246=EDGE_CURVE('',#1034,#1035,#486,.T.);
#1247=EDGE_CURVE('',#1035,#1036,#487,.T.);
#1248=EDGE_CURVE('',#1037,#1036,#951,.T.);
#1249=EDGE_CURVE('',#1037,#1038,#488,.T.);
#1250=EDGE_CURVE('',#1038,#1039,#489,.T.);
#1251=EDGE_CURVE('',#1039,#1040,#490,.T.);
#1252=EDGE_CURVE('',#1040,#1041,#491,.T.);
#1253=EDGE_CURVE('',#1042,#1041,#492,.T.);
#1254=EDGE_CURVE('',#1020,#1042,#493,.T.);
#1255=EDGE_CURVE('',#1019,#1043,#494,.T.);
#1256=EDGE_CURVE('',#1026,#1043,#102,.F.);
#1257=EDGE_CURVE('',#1044,#1016,#495,.T.);
#1258=EDGE_CURVE('',#1045,#1044,#496,.T.);
#1259=EDGE_CURVE('',#1046,#1045,#497,.T.);
#1260=EDGE_CURVE('',#1043,#1046,#498,.T.);
#1261=EDGE_CURVE('',#1018,#1047,#499,.T.);
#1262=EDGE_CURVE('',#1047,#1044,#952,.T.);
#1263=EDGE_CURVE('',#1017,#1011,#500,.T.);
#1264=EDGE_CURVE('',#1024,#1048,#501,.T.);
#1265=EDGE_CURVE('',#1048,#1049,#953,.F.);
#1266=EDGE_CURVE('',#1050,#1049,#502,.T.);
#1267=EDGE_CURVE('',#1025,#1050,#954,.T.);
#1268=EDGE_CURVE('',#1051,#1052,#503,.T.);
#1269=EDGE_CURVE('',#1053,#1051,#504,.T.);
#1270=EDGE_CURVE('',#1040,#1053,#505,.T.);
#1271=EDGE_CURVE('',#1052,#1040,#506,.T.);
#1272=EDGE_CURVE('',#1052,#1054,#507,.T.);
#1273=EDGE_CURVE('',#1054,#1055,#508,.T.);
#1274=EDGE_CURVE('',#1055,#1056,#509,.T.);
#1275=EDGE_CURVE('',#1051,#1056,#510,.T.);
#1276=EDGE_CURVE('',#1057,#1039,#511,.T.);
#1277=EDGE_CURVE('',#1058,#1057,#512,.T.);
#1278=EDGE_CURVE('',#1038,#1058,#513,.T.);
#1279=EDGE_CURVE('',#1059,#1037,#514,.T.);
#1280=EDGE_CURVE('',#1060,#1059,#515,.T.);
#1281=EDGE_CURVE('',#1061,#1060,#516,.T.);
#1282=EDGE_CURVE('',#1062,#1061,#517,.T.);
#1283=EDGE_CURVE('',#1062,#1063,#518,.T.);
#1284=EDGE_CURVE('',#1063,#1064,#519,.T.);
#1285=EDGE_CURVE('',#1064,#1065,#520,.T.);
#1286=EDGE_CURVE('',#1066,#1065,#521,.T.);
#1287=EDGE_CURVE('',#1067,#1066,#955,.T.);
#1288=EDGE_CURVE('',#1067,#1042,#522,.T.);
#1289=EDGE_CURVE('',#1054,#1041,#523,.T.);
#1290=EDGE_CURVE('',#1068,#1069,#956,.F.);
#1291=EDGE_CURVE('',#1070,#1068,#524,.F.);
#1292=EDGE_CURVE('',#1071,#1070,#957,.F.);
#1293=EDGE_CURVE('',#1049,#1071,#525,.F.);
#1294=EDGE_CURVE('',#1072,#1048,#526,.F.);
#1295=EDGE_CURVE('',#1073,#1072,#958,.F.);
#1296=EDGE_CURVE('',#1069,#1073,#527,.F.);
#1297=EDGE_CURVE('',#1050,#1074,#528,.T.);
#1298=EDGE_CURVE('',#1074,#1075,#959,.T.);
#1299=EDGE_CURVE('',#1075,#1076,#529,.T.);
#1300=EDGE_CURVE('',#1076,#1077,#960,.T.);
#1301=EDGE_CURVE('',#1078,#1077,#530,.T.);
#1302=EDGE_CURVE('',#1078,#1022,#961,.T.);
#1303=EDGE_CURVE('',#1079,#1021,#531,.T.);
#1304=EDGE_CURVE('',#1080,#1079,#532,.T.);
#1305=EDGE_CURVE('',#1081,#1080,#533,.T.);
#1306=EDGE_CURVE('',#1010,#1081,#534,.T.);
#1307=EDGE_CURVE('',#1073,#1078,#535,.T.);
#1308=EDGE_CURVE('',#1023,#1072,#536,.T.);
#1309=EDGE_CURVE('',#1081,#1082,#962,.T.);
#1310=EDGE_CURVE('',#1083,#1082,#103,.T.);
#1311=EDGE_CURVE('',#1084,#1083,#97,.F.);
#1312=EDGE_CURVE('',#1084,#1085,#537,.T.);
#1313=EDGE_CURVE('',#1085,#1086,#98,.T.);
#1314=EDGE_CURVE('',#1086,#1012,#104,.T.);
#1315=EDGE_CURVE('',#1087,#1086,#99,.F.);
#1316=EDGE_CURVE('',#1087,#1088,#538,.T.);
#1317=EDGE_CURVE('',#1088,#1018,#539,.T.);
#1318=EDGE_CURVE('',#1020,#1089,#540,.T.);
#1319=EDGE_CURVE('',#1089,#1079,#963,.T.);
#1320=EDGE_CURVE('',#1077,#1069,#541,.T.);
#1321=EDGE_CURVE('',#1076,#1068,#542,.T.);
#1322=EDGE_CURVE('',#1075,#1070,#543,.T.);
#1323=EDGE_CURVE('',#1074,#1071,#544,.T.);
#1324=EDGE_CURVE('',#1090,#1088,#105,.F.);
#1325=EDGE_CURVE('',#1088,#1091,#545,.T.);
#1326=EDGE_CURVE('',#1091,#1092,#964,.T.);
#1327=EDGE_CURVE('',#1092,#1090,#546,.T.);
#1328=EDGE_CURVE('',#1085,#1093,#547,.T.);
#1329=EDGE_CURVE('',#1093,#1091,#965,.T.);
#1330=EDGE_CURVE('',#1091,#1087,#548,.T.);
#1331=EDGE_CURVE('',#1093,#1092,#966,.T.);
#1332=EDGE_CURVE('',#1094,#1092,#549,.T.);
#1333=EDGE_CURVE('',#1095,#1094,#550,.T.);
#1334=EDGE_CURVE('',#1090,#1095,#551,.T.);
#1335=EDGE_CURVE('',#1093,#1096,#552,.T.);
#1336=EDGE_CURVE('',#1094,#1096,#967,.T.);
#1337=EDGE_CURVE('',#1096,#1084,#553,.T.);
#1338=EDGE_CURVE('',#1097,#1083,#100,.T.);
#1339=EDGE_CURVE('',#1097,#1098,#554,.T.);
#1340=EDGE_CURVE('',#1098,#1096,#968,.T.);
#1341=EDGE_CURVE('',#1095,#1099,#106,.T.);
#1342=EDGE_CURVE('',#1094,#1098,#969,.T.);
#1343=EDGE_CURVE('',#1098,#1099,#555,.T.);
#1344=EDGE_CURVE('',#1099,#1097,#556,.T.);
#1345=EDGE_CURVE('',#1047,#1099,#557,.T.);
#1346=EDGE_CURVE('',#1046,#1100,#970,.T.);
#1347=EDGE_CURVE('',#1100,#1026,#558,.T.);
#1348=EDGE_CURVE('',#1101,#1046,#971,.T.);
#1349=EDGE_CURVE('',#1045,#1102,#972,.T.);
#1350=EDGE_CURVE('',#1102,#1101,#559,.T.);
#1351=EDGE_CURVE('',#1045,#1103,#973,.T.);
#1352=EDGE_CURVE('',#1103,#1102,#974,.T.);
#1353=EDGE_CURVE('',#1101,#1100,#975,.T.);
#1354=EDGE_CURVE('',#1104,#1100,#560,.T.);
#1355=EDGE_CURVE('',#1027,#1104,#561,.T.);
#1356=EDGE_CURVE('',#1101,#1105,#562,.T.);
#1357=EDGE_CURVE('',#1105,#1104,#976,.T.);
#1358=EDGE_CURVE('',#1106,#1102,#563,.T.);
#1359=EDGE_CURVE('',#1107,#1106,#564,.T.);
#1360=EDGE_CURVE('',#1066,#1107,#565,.T.);
#1361=EDGE_CURVE('',#1065,#1062,#566,.T.);
#1362=EDGE_CURVE('',#1108,#1061,#977,.T.);
#1363=EDGE_CURVE('',#1108,#1109,#567,.T.);
#1364=EDGE_CURVE('',#1109,#1110,#568,.T.);
#1365=EDGE_CURVE('',#1110,#1111,#569,.T.);
#1366=EDGE_CURVE('',#1112,#1111,#978,.T.);
#1367=EDGE_CURVE('',#1112,#1113,#570,.T.);
#1368=EDGE_CURVE('',#1113,#1114,#571,.T.);
#1369=EDGE_CURVE('',#1114,#1105,#572,.T.);
#1370=EDGE_CURVE('',#1080,#1106,#979,.T.);
#1371=EDGE_CURVE('',#1106,#1115,#980,.T.);
#1372=EDGE_CURVE('',#1115,#1080,#981,.T.);
#1373=EDGE_CURVE('',#1079,#1107,#982,.T.);
#1374=EDGE_CURVE('',#1089,#1107,#983,.T.);
#1375=EDGE_CURVE('',#1116,#1117,#984,.T.);
#1376=EDGE_CURVE('',#1116,#1112,#573,.T.);
#1377=EDGE_CURVE('',#1111,#1117,#574,.T.);
#1378=EDGE_CURVE('',#1118,#1116,#575,.T.);
#1379=EDGE_CURVE('',#1032,#1118,#576,.T.);
#1380=EDGE_CURVE('',#1031,#1119,#577,.T.);
#1381=EDGE_CURVE('',#1119,#1120,#578,.T.);
#1382=EDGE_CURVE('',#1120,#1030,#579,.T.);
#1383=EDGE_CURVE('',#1029,#1121,#580,.T.);
#1384=EDGE_CURVE('',#1121,#1122,#581,.T.);
#1385=EDGE_CURVE('',#1122,#1028,#582,.T.);
#1386=EDGE_CURVE('',#1114,#1123,#583,.T.);
#1387=EDGE_CURVE('',#1123,#1124,#584,.T.);
#1388=EDGE_CURVE('',#1124,#1113,#585,.T.);
#1389=EDGE_CURVE('',#1125,#1060,#985,.T.);
#1390=EDGE_CURVE('',#1125,#1108,#586,.T.);
#1391=EDGE_CURVE('',#1117,#1125,#587,.T.);
#1392=EDGE_CURVE('',#1059,#1126,#986,.T.);
#1393=EDGE_CURVE('',#1126,#1127,#588,.T.);
#1394=EDGE_CURVE('',#1127,#1118,#987,.T.);
#1395=EDGE_CURVE('',#1128,#1128,#988,.F.);
#1396=EDGE_CURVE('',#1129,#1129,#989,.F.);
#1397=EDGE_CURVE('',#1130,#1130,#990,.F.);
#1398=EDGE_CURVE('',#1131,#1131,#991,.F.);
#1399=EDGE_CURVE('',#1132,#1133,#589,.T.);
#1400=EDGE_CURVE('',#1133,#1134,#107,.T.);
#1401=EDGE_CURVE('',#1134,#1135,#590,.T.);
#1402=EDGE_CURVE('',#1132,#1135,#108,.T.);
#1403=EDGE_CURVE('',#1133,#1136,#591,.T.);
#1404=EDGE_CURVE('',#1136,#1137,#109,.T.);
#1405=EDGE_CURVE('',#1137,#1134,#592,.T.);
#1406=EDGE_CURVE('',#1136,#1138,#593,.T.);
#1407=EDGE_CURVE('',#1138,#1139,#110,.T.);
#1408=EDGE_CURVE('',#1139,#1137,#594,.T.);
#1409=EDGE_CURVE('',#1135,#1139,#595,.T.);
#1410=EDGE_CURVE('',#1138,#1132,#596,.T.);
#1411=EDGE_CURVE('',#1063,#1135,#597,.T.);
#1412=EDGE_CURVE('',#1062,#1139,#598,.T.);
#1413=EDGE_CURVE('',#1064,#1134,#599,.T.);
#1414=EDGE_CURVE('',#1065,#1137,#600,.T.);
#1415=EDGE_CURVE('',#1140,#1141,#601,.T.);
#1416=EDGE_CURVE('',#1141,#1142,#111,.T.);
#1417=EDGE_CURVE('',#1142,#1143,#602,.T.);
#1418=EDGE_CURVE('',#1140,#1143,#112,.T.);
#1419=EDGE_CURVE('',#1141,#1144,#603,.T.);
#1420=EDGE_CURVE('',#1144,#1145,#113,.T.);
#1421=EDGE_CURVE('',#1145,#1142,#604,.T.);
#1422=EDGE_CURVE('',#1144,#1146,#605,.T.);
#1423=EDGE_CURVE('',#1146,#1147,#114,.T.);
#1424=EDGE_CURVE('',#1147,#1145,#606,.T.);
#1425=EDGE_CURVE('',#1143,#1147,#607,.T.);
#1426=EDGE_CURVE('',#1146,#1140,#608,.T.);
#1427=EDGE_CURVE('',#1148,#1143,#609,.T.);
#1428=EDGE_CURVE('',#1149,#1148,#610,.T.);
#1429=EDGE_CURVE('',#1149,#1147,#611,.T.);
#1430=EDGE_CURVE('',#1109,#1142,#612,.T.);
#1431=EDGE_CURVE('',#1148,#1109,#613,.T.);
#1432=EDGE_CURVE('',#1110,#1149,#614,.T.);
#1433=EDGE_CURVE('',#1110,#1145,#615,.T.);
#1434=EDGE_CURVE('',#1150,#1151,#616,.T.);
#1435=EDGE_CURVE('',#1151,#1152,#115,.T.);
#1436=EDGE_CURVE('',#1152,#1153,#617,.T.);
#1437=EDGE_CURVE('',#1150,#1153,#116,.T.);
#1438=EDGE_CURVE('',#1151,#1154,#618,.T.);
#1439=EDGE_CURVE('',#1154,#1155,#117,.T.);
#1440=EDGE_CURVE('',#1155,#1152,#619,.T.);
#1441=EDGE_CURVE('',#1154,#1156,#620,.T.);
#1442=EDGE_CURVE('',#1156,#1157,#118,.T.);
#1443=EDGE_CURVE('',#1157,#1155,#621,.T.);
#1444=EDGE_CURVE('',#1153,#1157,#622,.T.);
#1445=EDGE_CURVE('',#1156,#1150,#623,.T.);
#1446=EDGE_CURVE('',#1124,#1153,#624,.T.);
#1447=EDGE_CURVE('',#1123,#1157,#625,.T.);
#1448=EDGE_CURVE('',#1113,#1152,#626,.T.);
#1449=EDGE_CURVE('',#1114,#1155,#627,.T.);
#1450=EDGE_CURVE('',#1089,#1067,#628,.T.);
#1451=EDGE_CURVE('',#1158,#1158,#992,.F.);
#1452=EDGE_CURVE('',#1159,#1159,#993,.F.);
#1453=EDGE_CURVE('',#1130,#1158,#629,.T.);
#1454=EDGE_CURVE('',#1160,#1160,#994,.F.);
#1455=EDGE_CURVE('',#1161,#1161,#995,.F.);
#1456=EDGE_CURVE('',#1129,#1160,#630,.T.);
#1457=EDGE_CURVE('',#1162,#1162,#996,.F.);
#1458=EDGE_CURVE('',#1161,#1162,#631,.T.);
#1459=EDGE_CURVE('',#1163,#1163,#997,.F.);
#1460=EDGE_CURVE('',#1164,#1164,#998,.F.);
#1461=EDGE_CURVE('',#1159,#1164,#632,.T.);
#1462=EDGE_CURVE('',#1081,#1165,#999,.T.);
#1463=EDGE_CURVE('',#1082,#1165,#1000,.T.);
#1464=EDGE_CURVE('',#1166,#1047,#1001,.T.);
#1465=EDGE_CURVE('',#1166,#1044,#1002,.T.);
#1466=EDGE_CURVE('',#1165,#1166,#633,.T.);
#1467=EDGE_CURVE('',#1167,#1168,#634,.T.);
#1468=EDGE_CURVE('',#1030,#1167,#635,.T.);
#1469=EDGE_CURVE('',#1120,#1168,#636,.T.);
#1470=EDGE_CURVE('',#1169,#1167,#637,.T.);
#1471=EDGE_CURVE('',#1031,#1169,#638,.T.);
#1472=EDGE_CURVE('',#1170,#1171,#639,.T.);
#1473=EDGE_CURVE('',#1029,#1170,#640,.T.);
#1474=EDGE_CURVE('',#1028,#1171,#641,.T.);
#1475=EDGE_CURVE('',#1172,#1170,#642,.T.);
#1476=EDGE_CURVE('',#1121,#1172,#643,.T.);
#1477=EDGE_CURVE('',#1173,#1174,#644,.T.);
#1478=EDGE_CURVE('',#1175,#1173,#645,.T.);
#1479=EDGE_CURVE('',#1176,#1175,#646,.T.);
#1480=EDGE_CURVE('',#1174,#1176,#647,.T.);
#1481=EDGE_CURVE('',#1168,#1177,#648,.T.);
#1482=EDGE_CURVE('',#1119,#1177,#649,.T.);
#1483=EDGE_CURVE('',#1177,#1169,#650,.T.);
#1484=EDGE_CURVE('',#1175,#1169,#119,.T.);
#1485=EDGE_CURVE('',#1173,#1177,#120,.T.);
#1486=EDGE_CURVE('',#1176,#1167,#121,.T.);
#1487=EDGE_CURVE('',#1174,#1168,#122,.T.);
#1488=EDGE_CURVE('',#1178,#1179,#651,.T.);
#1489=EDGE_CURVE('',#1180,#1178,#652,.T.);
#1490=EDGE_CURVE('',#1181,#1180,#653,.T.);
#1491=EDGE_CURVE('',#1179,#1181,#654,.T.);
#1492=EDGE_CURVE('',#1171,#1182,#655,.T.);
#1493=EDGE_CURVE('',#1122,#1182,#656,.T.);
#1494=EDGE_CURVE('',#1182,#1172,#657,.T.);
#1495=EDGE_CURVE('',#1180,#1172,#123,.T.);
#1496=EDGE_CURVE('',#1178,#1182,#124,.T.);
#1497=EDGE_CURVE('',#1181,#1170,#125,.T.);
#1498=EDGE_CURVE('',#1179,#1171,#126,.T.);
#1499=EDGE_CURVE('',#1183,#1184,#658,.T.);
#1500=EDGE_CURVE('',#1035,#1183,#659,.T.);
#1501=EDGE_CURVE('',#1034,#1184,#660,.T.);
#1502=EDGE_CURVE('',#1185,#1183,#661,.T.);
#1503=EDGE_CURVE('',#1186,#1185,#662,.T.);
#1504=EDGE_CURVE('',#1035,#1186,#663,.T.);
#1505=EDGE_CURVE('',#1187,#1188,#664,.T.);
#1506=EDGE_CURVE('',#1189,#1187,#665,.T.);
#1507=EDGE_CURVE('',#1190,#1189,#666,.T.);
#1508=EDGE_CURVE('',#1188,#1190,#667,.T.);
#1509=EDGE_CURVE('',#1184,#1191,#668,.T.);
#1510=EDGE_CURVE('',#1192,#1034,#669,.T.);
#1511=EDGE_CURVE('',#1192,#1191,#670,.T.);
#1512=EDGE_CURVE('',#1191,#1185,#671,.T.);
#1513=EDGE_CURVE('',#1186,#1192,#672,.T.);
#1514=EDGE_CURVE('',#1189,#1185,#127,.T.);
#1515=EDGE_CURVE('',#1187,#1191,#128,.T.);
#1516=EDGE_CURVE('',#1190,#1183,#129,.T.);
#1517=EDGE_CURVE('',#1188,#1184,#130,.T.);
#1518=EDGE_CURVE('',#1128,#1193,#673,.T.);
#1519=EDGE_CURVE('',#1193,#1193,#1003,.F.);
#1520=EDGE_CURVE('',#1194,#1194,#1004,.F.);
#1521=EDGE_CURVE('',#1194,#1195,#674,.T.);
#1522=EDGE_CURVE('',#1195,#1195,#1005,.F.);
#1523=EDGE_CURVE('',#1196,#1197,#675,.T.);
#1524=EDGE_CURVE('',#1057,#1197,#676,.T.);
#1525=EDGE_CURVE('',#1039,#1196,#677,.T.);
#1526=EDGE_CURVE('',#1198,#1196,#678,.T.);
#1527=EDGE_CURVE('',#1038,#1198,#679,.T.);
#1528=EDGE_CURVE('',#1199,#1200,#680,.T.);
#1529=EDGE_CURVE('',#1200,#1201,#681,.T.);
#1530=EDGE_CURVE('',#1201,#1202,#682,.T.);
#1531=EDGE_CURVE('',#1202,#1199,#683,.T.);
#1532=EDGE_CURVE('',#1197,#1203,#684,.T.);
#1533=EDGE_CURVE('',#1058,#1203,#685,.T.);
#1534=EDGE_CURVE('',#1203,#1198,#686,.T.);
#1535=EDGE_CURVE('',#1199,#1203,#131,.T.);
#1536=EDGE_CURVE('',#1202,#1198,#132,.T.);
#1537=EDGE_CURVE('',#1201,#1196,#133,.T.);
#1538=EDGE_CURVE('',#1200,#1197,#134,.T.);
#1539=EDGE_CURVE('',#1131,#1204,#687,.T.);
#1540=EDGE_CURVE('',#1204,#1204,#1006,.F.);
#1541=EDGE_CURVE('',#1205,#1205,#1007,.F.);
#1542=EDGE_CURVE('',#1205,#1163,#688,.T.);
#1543=EDGE_CURVE('',#1053,#1206,#689,.T.);
#1544=EDGE_CURVE('',#1206,#1207,#690,.T.);
#1545=EDGE_CURVE('',#1041,#1207,#691,.T.);
#1546=EDGE_CURVE('',#1056,#1206,#692,.T.);
#1547=EDGE_CURVE('',#1208,#1209,#693,.T.);
#1548=EDGE_CURVE('',#1209,#1210,#694,.T.);
#1549=EDGE_CURVE('',#1210,#1211,#695,.T.);
#1550=EDGE_CURVE('',#1211,#1208,#696,.T.);
#1551=EDGE_CURVE('',#1207,#1055,#697,.T.);
#1552=EDGE_CURVE('',#1208,#1055,#135,.T.);
#1553=EDGE_CURVE('',#1211,#1056,#136,.T.);
#1554=EDGE_CURVE('',#1210,#1206,#137,.T.);
#1555=EDGE_CURVE('',#1209,#1207,#138,.T.);
#1556=EDGE_CURVE('',#1036,#1126,#698,.T.);
#1557=EDGE_CURVE('',#1127,#1033,#699,.T.);
#1558=EDGE_CURVE('',#1103,#1115,#700,.T.);
#1559=EDGE_CURVE('',#1166,#1103,#701,.T.);
#1560=EDGE_CURVE('',#1115,#1165,#702,.T.);
#1561=ORIENTED_EDGE('',*,*,#1212,.T.);
#1562=ORIENTED_EDGE('',*,*,#1213,.T.);
#1563=ORIENTED_EDGE('',*,*,#1214,.T.);
#1564=ORIENTED_EDGE('',*,*,#1215,.T.);
#1565=ORIENTED_EDGE('',*,*,#1214,.F.);
#1566=ORIENTED_EDGE('',*,*,#1216,.T.);
#1567=ORIENTED_EDGE('',*,*,#1217,.T.);
#1568=ORIENTED_EDGE('',*,*,#1218,.T.);
#1569=ORIENTED_EDGE('',*,*,#1219,.T.);
#1570=ORIENTED_EDGE('',*,*,#1220,.T.);
#1571=ORIENTED_EDGE('',*,*,#1221,.T.);
#1572=ORIENTED_EDGE('',*,*,#1222,.T.);
#1573=ORIENTED_EDGE('',*,*,#1223,.T.);
#1574=ORIENTED_EDGE('',*,*,#1224,.T.);
#1575=ORIENTED_EDGE('',*,*,#1225,.T.);
#1576=ORIENTED_EDGE('',*,*,#1226,.T.);
#1577=ORIENTED_EDGE('',*,*,#1222,.F.);
#1578=ORIENTED_EDGE('',*,*,#1227,.T.);
#1579=ORIENTED_EDGE('',*,*,#1225,.F.);
#1580=ORIENTED_EDGE('',*,*,#1228,.T.);
#1581=ORIENTED_EDGE('',*,*,#1220,.F.);
#1582=ORIENTED_EDGE('',*,*,#1218,.F.);
#1583=ORIENTED_EDGE('',*,*,#1229,.T.);
#1584=ORIENTED_EDGE('',*,*,#1212,.F.);
#1585=ORIENTED_EDGE('',*,*,#1229,.F.);
#1586=ORIENTED_EDGE('',*,*,#1230,.T.);
#1587=ORIENTED_EDGE('',*,*,#1231,.T.);
#1588=ORIENTED_EDGE('',*,*,#1232,.T.);
#1589=ORIENTED_EDGE('',*,*,#1233,.T.);
#1590=ORIENTED_EDGE('',*,*,#1234,.T.);
#1591=ORIENTED_EDGE('',*,*,#1235,.T.);
#1592=ORIENTED_EDGE('',*,*,#1236,.T.);
#1593=ORIENTED_EDGE('',*,*,#1221,.F.);
#1594=ORIENTED_EDGE('',*,*,#1237,.F.);
#1595=ORIENTED_EDGE('',*,*,#1238,.T.);
#1596=ORIENTED_EDGE('',*,*,#1239,.T.);
#1597=ORIENTED_EDGE('',*,*,#1240,.T.);
#1598=ORIENTED_EDGE('',*,*,#1241,.T.);
#1599=ORIENTED_EDGE('',*,*,#1242,.T.);
#1600=ORIENTED_EDGE('',*,*,#1243,.T.);
#1601=ORIENTED_EDGE('',*,*,#1244,.F.);
#1602=ORIENTED_EDGE('',*,*,#1245,.T.);
#1603=ORIENTED_EDGE('',*,*,#1246,.T.);
#1604=ORIENTED_EDGE('',*,*,#1247,.T.);
#1605=ORIENTED_EDGE('',*,*,#1248,.F.);
#1606=ORIENTED_EDGE('',*,*,#1249,.T.);
#1607=ORIENTED_EDGE('',*,*,#1250,.T.);
#1608=ORIENTED_EDGE('',*,*,#1251,.T.);
#1609=ORIENTED_EDGE('',*,*,#1252,.T.);
#1610=ORIENTED_EDGE('',*,*,#1253,.F.);
#1611=ORIENTED_EDGE('',*,*,#1254,.F.);
#1612=ORIENTED_EDGE('',*,*,#1230,.F.);
#1613=ORIENTED_EDGE('',*,*,#1228,.F.);
#1614=ORIENTED_EDGE('',*,*,#1255,.T.);
#1615=ORIENTED_EDGE('',*,*,#1256,.F.);
#1616=ORIENTED_EDGE('',*,*,#1237,.T.);
#1617=ORIENTED_EDGE('',*,*,#1227,.F.);
#1618=ORIENTED_EDGE('',*,*,#1257,.F.);
#1619=ORIENTED_EDGE('',*,*,#1258,.F.);
#1620=ORIENTED_EDGE('',*,*,#1259,.F.);
#1621=ORIENTED_EDGE('',*,*,#1260,.F.);
#1622=ORIENTED_EDGE('',*,*,#1255,.F.);
#1623=ORIENTED_EDGE('',*,*,#1224,.F.);
#1624=ORIENTED_EDGE('',*,*,#1261,.T.);
#1625=ORIENTED_EDGE('',*,*,#1262,.T.);
#1626=ORIENTED_EDGE('',*,*,#1257,.T.);
#1627=ORIENTED_EDGE('',*,*,#1215,.F.);
#1628=ORIENTED_EDGE('',*,*,#1263,.F.);
#1629=ORIENTED_EDGE('',*,*,#1226,.F.);
#1630=ORIENTED_EDGE('',*,*,#1219,.F.);
#1631=ORIENTED_EDGE('',*,*,#1235,.F.);
#1632=ORIENTED_EDGE('',*,*,#1264,.T.);
#1633=ORIENTED_EDGE('',*,*,#1265,.T.);
#1634=ORIENTED_EDGE('',*,*,#1266,.F.);
#1635=ORIENTED_EDGE('',*,*,#1267,.F.);
#1636=ORIENTED_EDGE('',*,*,#1268,.F.);
#1637=ORIENTED_EDGE('',*,*,#1269,.F.);
#1638=ORIENTED_EDGE('',*,*,#1270,.F.);
#1639=ORIENTED_EDGE('',*,*,#1271,.F.);
#1640=ORIENTED_EDGE('',*,*,#1268,.T.);
#1641=ORIENTED_EDGE('',*,*,#1272,.T.);
#1642=ORIENTED_EDGE('',*,*,#1273,.T.);
#1643=ORIENTED_EDGE('',*,*,#1274,.T.);
#1644=ORIENTED_EDGE('',*,*,#1275,.F.);
#1645=ORIENTED_EDGE('',*,*,#1271,.T.);
#1646=ORIENTED_EDGE('',*,*,#1251,.F.);
#1647=ORIENTED_EDGE('',*,*,#1276,.F.);
#1648=ORIENTED_EDGE('',*,*,#1277,.F.);
#1649=ORIENTED_EDGE('',*,*,#1278,.F.);
#1650=ORIENTED_EDGE('',*,*,#1249,.F.);
#1651=ORIENTED_EDGE('',*,*,#1279,.F.);
#1652=ORIENTED_EDGE('',*,*,#1280,.F.);
#1653=ORIENTED_EDGE('',*,*,#1281,.F.);
#1654=ORIENTED_EDGE('',*,*,#1282,.F.);
#1655=ORIENTED_EDGE('',*,*,#1283,.T.);
#1656=ORIENTED_EDGE('',*,*,#1284,.T.);
#1657=ORIENTED_EDGE('',*,*,#1285,.T.);
#1658=ORIENTED_EDGE('',*,*,#1286,.F.);
#1659=ORIENTED_EDGE('',*,*,#1287,.F.);
#1660=ORIENTED_EDGE('',*,*,#1288,.T.);
#1661=ORIENTED_EDGE('',*,*,#1253,.T.);
#1662=ORIENTED_EDGE('',*,*,#1289,.F.);
#1663=ORIENTED_EDGE('',*,*,#1272,.F.);
#1664=ORIENTED_EDGE('',*,*,#1290,.F.);
#1665=ORIENTED_EDGE('',*,*,#1291,.F.);
#1666=ORIENTED_EDGE('',*,*,#1292,.F.);
#1667=ORIENTED_EDGE('',*,*,#1293,.F.);
#1668=ORIENTED_EDGE('',*,*,#1265,.F.);
#1669=ORIENTED_EDGE('',*,*,#1294,.F.);
#1670=ORIENTED_EDGE('',*,*,#1295,.F.);
#1671=ORIENTED_EDGE('',*,*,#1296,.F.);
#1672=ORIENTED_EDGE('',*,*,#1213,.F.);
#1673=ORIENTED_EDGE('',*,*,#1236,.F.);
#1674=ORIENTED_EDGE('',*,*,#1267,.T.);
#1675=ORIENTED_EDGE('',*,*,#1297,.T.);
#1676=ORIENTED_EDGE('',*,*,#1298,.T.);
#1677=ORIENTED_EDGE('',*,*,#1299,.T.);
#1678=ORIENTED_EDGE('',*,*,#1300,.T.);
#1679=ORIENTED_EDGE('',*,*,#1301,.F.);
#1680=ORIENTED_EDGE('',*,*,#1302,.T.);
#1681=ORIENTED_EDGE('',*,*,#1232,.F.);
#1682=ORIENTED_EDGE('',*,*,#1303,.F.);
#1683=ORIENTED_EDGE('',*,*,#1304,.F.);
#1684=ORIENTED_EDGE('',*,*,#1305,.F.);
#1685=ORIENTED_EDGE('',*,*,#1306,.F.);
#1686=ORIENTED_EDGE('',*,*,#1233,.F.);
#1687=ORIENTED_EDGE('',*,*,#1302,.F.);
#1688=ORIENTED_EDGE('',*,*,#1307,.F.);
#1689=ORIENTED_EDGE('',*,*,#1295,.T.);
#1690=ORIENTED_EDGE('',*,*,#1308,.F.);
#1691=ORIENTED_EDGE('',*,*,#1216,.F.);
#1692=ORIENTED_EDGE('',*,*,#1306,.T.);
#1693=ORIENTED_EDGE('',*,*,#1309,.T.);
#1694=ORIENTED_EDGE('',*,*,#1310,.F.);
#1695=ORIENTED_EDGE('',*,*,#1311,.F.);
#1696=ORIENTED_EDGE('',*,*,#1312,.T.);
#1697=ORIENTED_EDGE('',*,*,#1313,.T.);
#1698=ORIENTED_EDGE('',*,*,#1314,.T.);
#1699=ORIENTED_EDGE('',*,*,#1217,.F.);
#1700=ORIENTED_EDGE('',*,*,#1314,.F.);
#1701=ORIENTED_EDGE('',*,*,#1315,.F.);
#1702=ORIENTED_EDGE('',*,*,#1316,.T.);
#1703=ORIENTED_EDGE('',*,*,#1317,.T.);
#1704=ORIENTED_EDGE('',*,*,#1223,.F.);
#1705=ORIENTED_EDGE('',*,*,#1263,.T.);
#1706=ORIENTED_EDGE('',*,*,#1318,.T.);
#1707=ORIENTED_EDGE('',*,*,#1319,.T.);
#1708=ORIENTED_EDGE('',*,*,#1303,.T.);
#1709=ORIENTED_EDGE('',*,*,#1231,.F.);
#1710=ORIENTED_EDGE('',*,*,#1290,.T.);
#1711=ORIENTED_EDGE('',*,*,#1320,.F.);
#1712=ORIENTED_EDGE('',*,*,#1300,.F.);
#1713=ORIENTED_EDGE('',*,*,#1321,.T.);
#1714=ORIENTED_EDGE('',*,*,#1292,.T.);
#1715=ORIENTED_EDGE('',*,*,#1322,.F.);
#1716=ORIENTED_EDGE('',*,*,#1298,.F.);
#1717=ORIENTED_EDGE('',*,*,#1323,.T.);
#1718=ORIENTED_EDGE('',*,*,#1324,.T.);
#1719=ORIENTED_EDGE('',*,*,#1325,.T.);
#1720=ORIENTED_EDGE('',*,*,#1326,.T.);
#1721=ORIENTED_EDGE('',*,*,#1327,.T.);
#1722=ORIENTED_EDGE('',*,*,#1313,.F.);
#1723=ORIENTED_EDGE('',*,*,#1328,.T.);
#1724=ORIENTED_EDGE('',*,*,#1329,.T.);
#1725=ORIENTED_EDGE('',*,*,#1330,.T.);
#1726=ORIENTED_EDGE('',*,*,#1315,.T.);
#1727=ORIENTED_EDGE('',*,*,#1329,.F.);
#1728=ORIENTED_EDGE('',*,*,#1331,.T.);
#1729=ORIENTED_EDGE('',*,*,#1326,.F.);
#1730=ORIENTED_EDGE('',*,*,#1327,.F.);
#1731=ORIENTED_EDGE('',*,*,#1332,.F.);
#1732=ORIENTED_EDGE('',*,*,#1333,.F.);
#1733=ORIENTED_EDGE('',*,*,#1334,.F.);
#1734=ORIENTED_EDGE('',*,*,#1331,.F.);
#1735=ORIENTED_EDGE('',*,*,#1335,.T.);
#1736=ORIENTED_EDGE('',*,*,#1336,.F.);
#1737=ORIENTED_EDGE('',*,*,#1332,.T.);
#1738=ORIENTED_EDGE('',*,*,#1328,.F.);
#1739=ORIENTED_EDGE('',*,*,#1312,.F.);
#1740=ORIENTED_EDGE('',*,*,#1337,.F.);
#1741=ORIENTED_EDGE('',*,*,#1335,.F.);
#1742=ORIENTED_EDGE('',*,*,#1338,.F.);
#1743=ORIENTED_EDGE('',*,*,#1339,.T.);
#1744=ORIENTED_EDGE('',*,*,#1340,.T.);
#1745=ORIENTED_EDGE('',*,*,#1337,.T.);
#1746=ORIENTED_EDGE('',*,*,#1311,.T.);
#1747=ORIENTED_EDGE('',*,*,#1341,.F.);
#1748=ORIENTED_EDGE('',*,*,#1333,.T.);
#1749=ORIENTED_EDGE('',*,*,#1342,.T.);
#1750=ORIENTED_EDGE('',*,*,#1343,.T.);
#1751=ORIENTED_EDGE('',*,*,#1342,.F.);
#1752=ORIENTED_EDGE('',*,*,#1336,.T.);
#1753=ORIENTED_EDGE('',*,*,#1340,.F.);
#1754=ORIENTED_EDGE('',*,*,#1325,.F.);
#1755=ORIENTED_EDGE('',*,*,#1316,.F.);
#1756=ORIENTED_EDGE('',*,*,#1330,.F.);
#1757=ORIENTED_EDGE('',*,*,#1339,.F.);
#1758=ORIENTED_EDGE('',*,*,#1344,.F.);
#1759=ORIENTED_EDGE('',*,*,#1343,.F.);
#1760=ORIENTED_EDGE('',*,*,#1334,.T.);
#1761=ORIENTED_EDGE('',*,*,#1341,.T.);
#1762=ORIENTED_EDGE('',*,*,#1345,.F.);
#1763=ORIENTED_EDGE('',*,*,#1261,.F.);
#1764=ORIENTED_EDGE('',*,*,#1317,.F.);
#1765=ORIENTED_EDGE('',*,*,#1324,.F.);
#1766=ORIENTED_EDGE('',*,*,#1346,.T.);
#1767=ORIENTED_EDGE('',*,*,#1347,.T.);
#1768=ORIENTED_EDGE('',*,*,#1256,.T.);
#1769=ORIENTED_EDGE('',*,*,#1260,.T.);
#1770=ORIENTED_EDGE('',*,*,#1348,.T.);
#1771=ORIENTED_EDGE('',*,*,#1259,.T.);
#1772=ORIENTED_EDGE('',*,*,#1349,.T.);
#1773=ORIENTED_EDGE('',*,*,#1350,.T.);
#1774=ORIENTED_EDGE('',*,*,#1349,.F.);
#1775=ORIENTED_EDGE('',*,*,#1351,.T.);
#1776=ORIENTED_EDGE('',*,*,#1352,.T.);
#1777=ORIENTED_EDGE('',*,*,#1348,.F.);
#1778=ORIENTED_EDGE('',*,*,#1353,.T.);
#1779=ORIENTED_EDGE('',*,*,#1346,.F.);
#1780=ORIENTED_EDGE('',*,*,#1347,.F.);
#1781=ORIENTED_EDGE('',*,*,#1354,.F.);
#1782=ORIENTED_EDGE('',*,*,#1355,.F.);
#1783=ORIENTED_EDGE('',*,*,#1238,.F.);
#1784=ORIENTED_EDGE('',*,*,#1353,.F.);
#1785=ORIENTED_EDGE('',*,*,#1356,.T.);
#1786=ORIENTED_EDGE('',*,*,#1357,.T.);
#1787=ORIENTED_EDGE('',*,*,#1354,.T.);
#1788=ORIENTED_EDGE('',*,*,#1350,.F.);
#1789=ORIENTED_EDGE('',*,*,#1358,.F.);
#1790=ORIENTED_EDGE('',*,*,#1359,.F.);
#1791=ORIENTED_EDGE('',*,*,#1360,.F.);
#1792=ORIENTED_EDGE('',*,*,#1286,.T.);
#1793=ORIENTED_EDGE('',*,*,#1361,.T.);
#1794=ORIENTED_EDGE('',*,*,#1282,.T.);
#1795=ORIENTED_EDGE('',*,*,#1362,.F.);
#1796=ORIENTED_EDGE('',*,*,#1363,.T.);
#1797=ORIENTED_EDGE('',*,*,#1364,.T.);
#1798=ORIENTED_EDGE('',*,*,#1365,.T.);
#1799=ORIENTED_EDGE('',*,*,#1366,.F.);
#1800=ORIENTED_EDGE('',*,*,#1367,.T.);
#1801=ORIENTED_EDGE('',*,*,#1368,.T.);
#1802=ORIENTED_EDGE('',*,*,#1369,.T.);
#1803=ORIENTED_EDGE('',*,*,#1356,.F.);
#1804=ORIENTED_EDGE('',*,*,#1370,.T.);
#1805=ORIENTED_EDGE('',*,*,#1371,.T.);
#1806=ORIENTED_EDGE('',*,*,#1372,.T.);
#1807=ORIENTED_EDGE('',*,*,#1373,.T.);
#1808=ORIENTED_EDGE('',*,*,#1359,.T.);
#1809=ORIENTED_EDGE('',*,*,#1370,.F.);
#1810=ORIENTED_EDGE('',*,*,#1304,.T.);
#1811=ORIENTED_EDGE('',*,*,#1319,.F.);
#1812=ORIENTED_EDGE('',*,*,#1374,.T.);
#1813=ORIENTED_EDGE('',*,*,#1373,.F.);
#1814=ORIENTED_EDGE('',*,*,#1375,.F.);
#1815=ORIENTED_EDGE('',*,*,#1376,.T.);
#1816=ORIENTED_EDGE('',*,*,#1366,.T.);
#1817=ORIENTED_EDGE('',*,*,#1377,.T.);
#1818=ORIENTED_EDGE('',*,*,#1376,.F.);
#1819=ORIENTED_EDGE('',*,*,#1378,.F.);
#1820=ORIENTED_EDGE('',*,*,#1379,.F.);
#1821=ORIENTED_EDGE('',*,*,#1243,.F.);
#1822=ORIENTED_EDGE('',*,*,#1380,.T.);
#1823=ORIENTED_EDGE('',*,*,#1381,.T.);
#1824=ORIENTED_EDGE('',*,*,#1382,.T.);
#1825=ORIENTED_EDGE('',*,*,#1241,.F.);
#1826=ORIENTED_EDGE('',*,*,#1383,.T.);
#1827=ORIENTED_EDGE('',*,*,#1384,.T.);
#1828=ORIENTED_EDGE('',*,*,#1385,.T.);
#1829=ORIENTED_EDGE('',*,*,#1239,.F.);
#1830=ORIENTED_EDGE('',*,*,#1355,.T.);
#1831=ORIENTED_EDGE('',*,*,#1357,.F.);
#1832=ORIENTED_EDGE('',*,*,#1369,.F.);
#1833=ORIENTED_EDGE('',*,*,#1386,.T.);
#1834=ORIENTED_EDGE('',*,*,#1387,.T.);
#1835=ORIENTED_EDGE('',*,*,#1388,.T.);
#1836=ORIENTED_EDGE('',*,*,#1367,.F.);
#1837=ORIENTED_EDGE('',*,*,#1389,.F.);
#1838=ORIENTED_EDGE('',*,*,#1390,.T.);
#1839=ORIENTED_EDGE('',*,*,#1362,.T.);
#1840=ORIENTED_EDGE('',*,*,#1281,.T.);
#1841=ORIENTED_EDGE('',*,*,#1375,.T.);
#1842=ORIENTED_EDGE('',*,*,#1391,.T.);
#1843=ORIENTED_EDGE('',*,*,#1389,.T.);
#1844=ORIENTED_EDGE('',*,*,#1280,.T.);
#1845=ORIENTED_EDGE('',*,*,#1392,.T.);
#1846=ORIENTED_EDGE('',*,*,#1393,.T.);
#1847=ORIENTED_EDGE('',*,*,#1394,.T.);
#1848=ORIENTED_EDGE('',*,*,#1378,.T.);
#1849=ORIENTED_EDGE('',*,*,#1395,.T.);
#1850=ORIENTED_EDGE('',*,*,#1396,.T.);
#1851=ORIENTED_EDGE('',*,*,#1397,.T.);
#1852=ORIENTED_EDGE('',*,*,#1398,.T.);
#1853=ORIENTED_EDGE('',*,*,#1399,.T.);
#1854=ORIENTED_EDGE('',*,*,#1400,.T.);
#1855=ORIENTED_EDGE('',*,*,#1401,.T.);
#1856=ORIENTED_EDGE('',*,*,#1402,.F.);
#1857=ORIENTED_EDGE('',*,*,#1403,.T.);
#1858=ORIENTED_EDGE('',*,*,#1404,.T.);
#1859=ORIENTED_EDGE('',*,*,#1405,.T.);
#1860=ORIENTED_EDGE('',*,*,#1400,.F.);
#1861=ORIENTED_EDGE('',*,*,#1406,.T.);
#1862=ORIENTED_EDGE('',*,*,#1407,.T.);
#1863=ORIENTED_EDGE('',*,*,#1408,.T.);
#1864=ORIENTED_EDGE('',*,*,#1404,.F.);
#1865=ORIENTED_EDGE('',*,*,#1409,.T.);
#1866=ORIENTED_EDGE('',*,*,#1407,.F.);
#1867=ORIENTED_EDGE('',*,*,#1410,.T.);
#1868=ORIENTED_EDGE('',*,*,#1402,.T.);
#1869=ORIENTED_EDGE('',*,*,#1409,.F.);
#1870=ORIENTED_EDGE('',*,*,#1411,.F.);
#1871=ORIENTED_EDGE('',*,*,#1283,.F.);
#1872=ORIENTED_EDGE('',*,*,#1412,.T.);
#1873=ORIENTED_EDGE('',*,*,#1401,.F.);
#1874=ORIENTED_EDGE('',*,*,#1413,.F.);
#1875=ORIENTED_EDGE('',*,*,#1284,.F.);
#1876=ORIENTED_EDGE('',*,*,#1411,.T.);
#1877=ORIENTED_EDGE('',*,*,#1399,.F.);
#1878=ORIENTED_EDGE('',*,*,#1410,.F.);
#1879=ORIENTED_EDGE('',*,*,#1406,.F.);
#1880=ORIENTED_EDGE('',*,*,#1403,.F.);
#1881=ORIENTED_EDGE('',*,*,#1408,.F.);
#1882=ORIENTED_EDGE('',*,*,#1412,.F.);
#1883=ORIENTED_EDGE('',*,*,#1361,.F.);
#1884=ORIENTED_EDGE('',*,*,#1414,.T.);
#1885=ORIENTED_EDGE('',*,*,#1405,.F.);
#1886=ORIENTED_EDGE('',*,*,#1414,.F.);
#1887=ORIENTED_EDGE('',*,*,#1285,.F.);
#1888=ORIENTED_EDGE('',*,*,#1413,.T.);
#1889=ORIENTED_EDGE('',*,*,#1415,.T.);
#1890=ORIENTED_EDGE('',*,*,#1416,.T.);
#1891=ORIENTED_EDGE('',*,*,#1417,.T.);
#1892=ORIENTED_EDGE('',*,*,#1418,.F.);
#1893=ORIENTED_EDGE('',*,*,#1419,.T.);
#1894=ORIENTED_EDGE('',*,*,#1420,.T.);
#1895=ORIENTED_EDGE('',*,*,#1421,.T.);
#1896=ORIENTED_EDGE('',*,*,#1416,.F.);
#1897=ORIENTED_EDGE('',*,*,#1422,.T.);
#1898=ORIENTED_EDGE('',*,*,#1423,.T.);
#1899=ORIENTED_EDGE('',*,*,#1424,.T.);
#1900=ORIENTED_EDGE('',*,*,#1420,.F.);
#1901=ORIENTED_EDGE('',*,*,#1425,.T.);
#1902=ORIENTED_EDGE('',*,*,#1423,.F.);
#1903=ORIENTED_EDGE('',*,*,#1426,.T.);
#1904=ORIENTED_EDGE('',*,*,#1418,.T.);
#1905=ORIENTED_EDGE('',*,*,#1425,.F.);
#1906=ORIENTED_EDGE('',*,*,#1427,.F.);
#1907=ORIENTED_EDGE('',*,*,#1428,.F.);
#1908=ORIENTED_EDGE('',*,*,#1429,.T.);
#1909=ORIENTED_EDGE('',*,*,#1417,.F.);
#1910=ORIENTED_EDGE('',*,*,#1430,.F.);
#1911=ORIENTED_EDGE('',*,*,#1431,.F.);
#1912=ORIENTED_EDGE('',*,*,#1427,.T.);
#1913=ORIENTED_EDGE('',*,*,#1415,.F.);
#1914=ORIENTED_EDGE('',*,*,#1426,.F.);
#1915=ORIENTED_EDGE('',*,*,#1422,.F.);
#1916=ORIENTED_EDGE('',*,*,#1419,.F.);
#1917=ORIENTED_EDGE('',*,*,#1424,.F.);
#1918=ORIENTED_EDGE('',*,*,#1429,.F.);
#1919=ORIENTED_EDGE('',*,*,#1432,.F.);
#1920=ORIENTED_EDGE('',*,*,#1433,.T.);
#1921=ORIENTED_EDGE('',*,*,#1421,.F.);
#1922=ORIENTED_EDGE('',*,*,#1433,.F.);
#1923=ORIENTED_EDGE('',*,*,#1364,.F.);
#1924=ORIENTED_EDGE('',*,*,#1430,.T.);
#1925=ORIENTED_EDGE('',*,*,#1377,.F.);
#1926=ORIENTED_EDGE('',*,*,#1365,.F.);
#1927=ORIENTED_EDGE('',*,*,#1432,.T.);
#1928=ORIENTED_EDGE('',*,*,#1428,.T.);
#1929=ORIENTED_EDGE('',*,*,#1431,.T.);
#1930=ORIENTED_EDGE('',*,*,#1363,.F.);
#1931=ORIENTED_EDGE('',*,*,#1390,.F.);
#1932=ORIENTED_EDGE('',*,*,#1391,.F.);
#1933=ORIENTED_EDGE('',*,*,#1434,.T.);
#1934=ORIENTED_EDGE('',*,*,#1435,.T.);
#1935=ORIENTED_EDGE('',*,*,#1436,.T.);
#1936=ORIENTED_EDGE('',*,*,#1437,.F.);
#1937=ORIENTED_EDGE('',*,*,#1438,.T.);
#1938=ORIENTED_EDGE('',*,*,#1439,.T.);
#1939=ORIENTED_EDGE('',*,*,#1440,.T.);
#1940=ORIENTED_EDGE('',*,*,#1435,.F.);
#1941=ORIENTED_EDGE('',*,*,#1441,.T.);
#1942=ORIENTED_EDGE('',*,*,#1442,.T.);
#1943=ORIENTED_EDGE('',*,*,#1443,.T.);
#1944=ORIENTED_EDGE('',*,*,#1439,.F.);
#1945=ORIENTED_EDGE('',*,*,#1444,.T.);
#1946=ORIENTED_EDGE('',*,*,#1442,.F.);
#1947=ORIENTED_EDGE('',*,*,#1445,.T.);
#1948=ORIENTED_EDGE('',*,*,#1437,.T.);
#1949=ORIENTED_EDGE('',*,*,#1444,.F.);
#1950=ORIENTED_EDGE('',*,*,#1446,.F.);
#1951=ORIENTED_EDGE('',*,*,#1387,.F.);
#1952=ORIENTED_EDGE('',*,*,#1447,.T.);
#1953=ORIENTED_EDGE('',*,*,#1436,.F.);
#1954=ORIENTED_EDGE('',*,*,#1448,.F.);
#1955=ORIENTED_EDGE('',*,*,#1388,.F.);
#1956=ORIENTED_EDGE('',*,*,#1446,.T.);
#1957=ORIENTED_EDGE('',*,*,#1434,.F.);
#1958=ORIENTED_EDGE('',*,*,#1445,.F.);
#1959=ORIENTED_EDGE('',*,*,#1441,.F.);
#1960=ORIENTED_EDGE('',*,*,#1438,.F.);
#1961=ORIENTED_EDGE('',*,*,#1443,.F.);
#1962=ORIENTED_EDGE('',*,*,#1447,.F.);
#1963=ORIENTED_EDGE('',*,*,#1386,.F.);
#1964=ORIENTED_EDGE('',*,*,#1449,.T.);
#1965=ORIENTED_EDGE('',*,*,#1440,.F.);
#1966=ORIENTED_EDGE('',*,*,#1449,.F.);
#1967=ORIENTED_EDGE('',*,*,#1368,.F.);
#1968=ORIENTED_EDGE('',*,*,#1448,.T.);
#1969=ORIENTED_EDGE('',*,*,#1374,.F.);
#1970=ORIENTED_EDGE('',*,*,#1450,.T.);
#1971=ORIENTED_EDGE('',*,*,#1287,.T.);
#1972=ORIENTED_EDGE('',*,*,#1360,.T.);
#1973=ORIENTED_EDGE('',*,*,#1318,.F.);
#1974=ORIENTED_EDGE('',*,*,#1254,.T.);
#1975=ORIENTED_EDGE('',*,*,#1288,.F.);
#1976=ORIENTED_EDGE('',*,*,#1450,.F.);
#1977=ORIENTED_EDGE('',*,*,#1451,.F.);
#1978=ORIENTED_EDGE('',*,*,#1452,.T.);
#1979=ORIENTED_EDGE('',*,*,#1397,.F.);
#1980=ORIENTED_EDGE('',*,*,#1453,.T.);
#1981=ORIENTED_EDGE('',*,*,#1451,.T.);
#1982=ORIENTED_EDGE('',*,*,#1453,.F.);
#1983=ORIENTED_EDGE('',*,*,#1454,.F.);
#1984=ORIENTED_EDGE('',*,*,#1455,.T.);
#1985=ORIENTED_EDGE('',*,*,#1396,.F.);
#1986=ORIENTED_EDGE('',*,*,#1456,.T.);
#1987=ORIENTED_EDGE('',*,*,#1454,.T.);
#1988=ORIENTED_EDGE('',*,*,#1456,.F.);
#1989=ORIENTED_EDGE('',*,*,#1457,.T.);
#1990=ORIENTED_EDGE('',*,*,#1455,.F.);
#1991=ORIENTED_EDGE('',*,*,#1458,.T.);
#1992=ORIENTED_EDGE('',*,*,#1457,.F.);
#1993=ORIENTED_EDGE('',*,*,#1458,.F.);
#1994=ORIENTED_EDGE('',*,*,#1459,.T.);
#1995=ORIENTED_EDGE('',*,*,#1460,.T.);
#1996=ORIENTED_EDGE('',*,*,#1452,.F.);
#1997=ORIENTED_EDGE('',*,*,#1461,.T.);
#1998=ORIENTED_EDGE('',*,*,#1460,.F.);
#1999=ORIENTED_EDGE('',*,*,#1461,.F.);
#2000=ORIENTED_EDGE('',*,*,#1309,.F.);
#2001=ORIENTED_EDGE('',*,*,#1462,.T.);
#2002=ORIENTED_EDGE('',*,*,#1463,.F.);
#2003=ORIENTED_EDGE('',*,*,#1464,.F.);
#2004=ORIENTED_EDGE('',*,*,#1465,.T.);
#2005=ORIENTED_EDGE('',*,*,#1262,.F.);
#2006=ORIENTED_EDGE('',*,*,#1345,.T.);
#2007=ORIENTED_EDGE('',*,*,#1344,.T.);
#2008=ORIENTED_EDGE('',*,*,#1338,.T.);
#2009=ORIENTED_EDGE('',*,*,#1310,.T.);
#2010=ORIENTED_EDGE('',*,*,#1463,.T.);
#2011=ORIENTED_EDGE('',*,*,#1466,.T.);
#2012=ORIENTED_EDGE('',*,*,#1464,.T.);
#2013=ORIENTED_EDGE('',*,*,#1307,.T.);
#2014=ORIENTED_EDGE('',*,*,#1301,.T.);
#2015=ORIENTED_EDGE('',*,*,#1320,.T.);
#2016=ORIENTED_EDGE('',*,*,#1296,.T.);
#2017=ORIENTED_EDGE('',*,*,#1322,.T.);
#2018=ORIENTED_EDGE('',*,*,#1291,.T.);
#2019=ORIENTED_EDGE('',*,*,#1321,.F.);
#2020=ORIENTED_EDGE('',*,*,#1299,.F.);
#2021=ORIENTED_EDGE('',*,*,#1234,.F.);
#2022=ORIENTED_EDGE('',*,*,#1308,.T.);
#2023=ORIENTED_EDGE('',*,*,#1294,.T.);
#2024=ORIENTED_EDGE('',*,*,#1264,.F.);
#2025=ORIENTED_EDGE('',*,*,#1293,.T.);
#2026=ORIENTED_EDGE('',*,*,#1323,.F.);
#2027=ORIENTED_EDGE('',*,*,#1297,.F.);
#2028=ORIENTED_EDGE('',*,*,#1266,.T.);
#2029=ORIENTED_EDGE('',*,*,#1467,.F.);
#2030=ORIENTED_EDGE('',*,*,#1468,.F.);
#2031=ORIENTED_EDGE('',*,*,#1382,.F.);
#2032=ORIENTED_EDGE('',*,*,#1469,.T.);
#2033=ORIENTED_EDGE('',*,*,#1470,.F.);
#2034=ORIENTED_EDGE('',*,*,#1471,.F.);
#2035=ORIENTED_EDGE('',*,*,#1242,.F.);
#2036=ORIENTED_EDGE('',*,*,#1468,.T.);
#2037=ORIENTED_EDGE('',*,*,#1472,.F.);
#2038=ORIENTED_EDGE('',*,*,#1473,.F.);
#2039=ORIENTED_EDGE('',*,*,#1240,.F.);
#2040=ORIENTED_EDGE('',*,*,#1474,.T.);
#2041=ORIENTED_EDGE('',*,*,#1475,.F.);
#2042=ORIENTED_EDGE('',*,*,#1476,.F.);
#2043=ORIENTED_EDGE('',*,*,#1383,.F.);
#2044=ORIENTED_EDGE('',*,*,#1473,.T.);
#2045=ORIENTED_EDGE('',*,*,#1477,.F.);
#2046=ORIENTED_EDGE('',*,*,#1478,.F.);
#2047=ORIENTED_EDGE('',*,*,#1479,.F.);
#2048=ORIENTED_EDGE('',*,*,#1480,.F.);
#2049=ORIENTED_EDGE('',*,*,#1481,.F.);
#2050=ORIENTED_EDGE('',*,*,#1469,.F.);
#2051=ORIENTED_EDGE('',*,*,#1381,.F.);
#2052=ORIENTED_EDGE('',*,*,#1482,.T.);
#2053=ORIENTED_EDGE('',*,*,#1483,.F.);
#2054=ORIENTED_EDGE('',*,*,#1482,.F.);
#2055=ORIENTED_EDGE('',*,*,#1380,.F.);
#2056=ORIENTED_EDGE('',*,*,#1471,.T.);
#2057=ORIENTED_EDGE('',*,*,#1483,.T.);
#2058=ORIENTED_EDGE('',*,*,#1484,.F.);
#2059=ORIENTED_EDGE('',*,*,#1478,.T.);
#2060=ORIENTED_EDGE('',*,*,#1485,.T.);
#2061=ORIENTED_EDGE('',*,*,#1479,.T.);
#2062=ORIENTED_EDGE('',*,*,#1484,.T.);
#2063=ORIENTED_EDGE('',*,*,#1470,.T.);
#2064=ORIENTED_EDGE('',*,*,#1486,.F.);
#2065=ORIENTED_EDGE('',*,*,#1480,.T.);
#2066=ORIENTED_EDGE('',*,*,#1486,.T.);
#2067=ORIENTED_EDGE('',*,*,#1467,.T.);
#2068=ORIENTED_EDGE('',*,*,#1487,.F.);
#2069=ORIENTED_EDGE('',*,*,#1477,.T.);
#2070=ORIENTED_EDGE('',*,*,#1487,.T.);
#2071=ORIENTED_EDGE('',*,*,#1481,.T.);
#2072=ORIENTED_EDGE('',*,*,#1485,.F.);
#2073=ORIENTED_EDGE('',*,*,#1488,.F.);
#2074=ORIENTED_EDGE('',*,*,#1489,.F.);
#2075=ORIENTED_EDGE('',*,*,#1490,.F.);
#2076=ORIENTED_EDGE('',*,*,#1491,.F.);
#2077=ORIENTED_EDGE('',*,*,#1492,.F.);
#2078=ORIENTED_EDGE('',*,*,#1474,.F.);
#2079=ORIENTED_EDGE('',*,*,#1385,.F.);
#2080=ORIENTED_EDGE('',*,*,#1493,.T.);
#2081=ORIENTED_EDGE('',*,*,#1494,.F.);
#2082=ORIENTED_EDGE('',*,*,#1493,.F.);
#2083=ORIENTED_EDGE('',*,*,#1384,.F.);
#2084=ORIENTED_EDGE('',*,*,#1476,.T.);
#2085=ORIENTED_EDGE('',*,*,#1494,.T.);
#2086=ORIENTED_EDGE('',*,*,#1495,.F.);
#2087=ORIENTED_EDGE('',*,*,#1489,.T.);
#2088=ORIENTED_EDGE('',*,*,#1496,.T.);
#2089=ORIENTED_EDGE('',*,*,#1490,.T.);
#2090=ORIENTED_EDGE('',*,*,#1495,.T.);
#2091=ORIENTED_EDGE('',*,*,#1475,.T.);
#2092=ORIENTED_EDGE('',*,*,#1497,.F.);
#2093=ORIENTED_EDGE('',*,*,#1491,.T.);
#2094=ORIENTED_EDGE('',*,*,#1497,.T.);
#2095=ORIENTED_EDGE('',*,*,#1472,.T.);
#2096=ORIENTED_EDGE('',*,*,#1498,.F.);
#2097=ORIENTED_EDGE('',*,*,#1488,.T.);
#2098=ORIENTED_EDGE('',*,*,#1498,.T.);
#2099=ORIENTED_EDGE('',*,*,#1492,.T.);
#2100=ORIENTED_EDGE('',*,*,#1496,.F.);
#2101=ORIENTED_EDGE('',*,*,#1499,.F.);
#2102=ORIENTED_EDGE('',*,*,#1500,.F.);
#2103=ORIENTED_EDGE('',*,*,#1246,.F.);
#2104=ORIENTED_EDGE('',*,*,#1501,.T.);
#2105=ORIENTED_EDGE('',*,*,#1502,.F.);
#2106=ORIENTED_EDGE('',*,*,#1503,.F.);
#2107=ORIENTED_EDGE('',*,*,#1504,.F.);
#2108=ORIENTED_EDGE('',*,*,#1500,.T.);
#2109=ORIENTED_EDGE('',*,*,#1505,.F.);
#2110=ORIENTED_EDGE('',*,*,#1506,.F.);
#2111=ORIENTED_EDGE('',*,*,#1507,.F.);
#2112=ORIENTED_EDGE('',*,*,#1508,.F.);
#2113=ORIENTED_EDGE('',*,*,#1509,.F.);
#2114=ORIENTED_EDGE('',*,*,#1501,.F.);
#2115=ORIENTED_EDGE('',*,*,#1510,.F.);
#2116=ORIENTED_EDGE('',*,*,#1511,.T.);
#2117=ORIENTED_EDGE('',*,*,#1512,.F.);
#2118=ORIENTED_EDGE('',*,*,#1511,.F.);
#2119=ORIENTED_EDGE('',*,*,#1513,.F.);
#2120=ORIENTED_EDGE('',*,*,#1503,.T.);
#2121=ORIENTED_EDGE('',*,*,#1512,.T.);
#2122=ORIENTED_EDGE('',*,*,#1514,.F.);
#2123=ORIENTED_EDGE('',*,*,#1506,.T.);
#2124=ORIENTED_EDGE('',*,*,#1515,.T.);
#2125=ORIENTED_EDGE('',*,*,#1507,.T.);
#2126=ORIENTED_EDGE('',*,*,#1514,.T.);
#2127=ORIENTED_EDGE('',*,*,#1502,.T.);
#2128=ORIENTED_EDGE('',*,*,#1516,.F.);
#2129=ORIENTED_EDGE('',*,*,#1508,.T.);
#2130=ORIENTED_EDGE('',*,*,#1516,.T.);
#2131=ORIENTED_EDGE('',*,*,#1499,.T.);
#2132=ORIENTED_EDGE('',*,*,#1517,.F.);
#2133=ORIENTED_EDGE('',*,*,#1505,.T.);
#2134=ORIENTED_EDGE('',*,*,#1517,.T.);
#2135=ORIENTED_EDGE('',*,*,#1509,.T.);
#2136=ORIENTED_EDGE('',*,*,#1515,.F.);
#2137=ORIENTED_EDGE('',*,*,#1395,.F.);
#2138=ORIENTED_EDGE('',*,*,#1518,.T.);
#2139=ORIENTED_EDGE('',*,*,#1519,.T.);
#2140=ORIENTED_EDGE('',*,*,#1518,.F.);
#2141=ORIENTED_EDGE('',*,*,#1519,.F.);
#2142=ORIENTED_EDGE('',*,*,#1520,.T.);
#2143=ORIENTED_EDGE('',*,*,#1520,.F.);
#2144=ORIENTED_EDGE('',*,*,#1521,.T.);
#2145=ORIENTED_EDGE('',*,*,#1522,.F.);
#2146=ORIENTED_EDGE('',*,*,#1521,.F.);
#2147=ORIENTED_EDGE('',*,*,#1522,.T.);
#2148=ORIENTED_EDGE('',*,*,#1523,.T.);
#2149=ORIENTED_EDGE('',*,*,#1524,.F.);
#2150=ORIENTED_EDGE('',*,*,#1276,.T.);
#2151=ORIENTED_EDGE('',*,*,#1525,.T.);
#2152=ORIENTED_EDGE('',*,*,#1526,.T.);
#2153=ORIENTED_EDGE('',*,*,#1525,.F.);
#2154=ORIENTED_EDGE('',*,*,#1250,.F.);
#2155=ORIENTED_EDGE('',*,*,#1527,.T.);
#2156=ORIENTED_EDGE('',*,*,#1528,.T.);
#2157=ORIENTED_EDGE('',*,*,#1529,.T.);
#2158=ORIENTED_EDGE('',*,*,#1530,.T.);
#2159=ORIENTED_EDGE('',*,*,#1531,.T.);
#2160=ORIENTED_EDGE('',*,*,#1532,.T.);
#2161=ORIENTED_EDGE('',*,*,#1533,.F.);
#2162=ORIENTED_EDGE('',*,*,#1277,.T.);
#2163=ORIENTED_EDGE('',*,*,#1524,.T.);
#2164=ORIENTED_EDGE('',*,*,#1534,.T.);
#2165=ORIENTED_EDGE('',*,*,#1527,.F.);
#2166=ORIENTED_EDGE('',*,*,#1278,.T.);
#2167=ORIENTED_EDGE('',*,*,#1533,.T.);
#2168=ORIENTED_EDGE('',*,*,#1534,.F.);
#2169=ORIENTED_EDGE('',*,*,#1535,.F.);
#2170=ORIENTED_EDGE('',*,*,#1531,.F.);
#2171=ORIENTED_EDGE('',*,*,#1536,.T.);
#2172=ORIENTED_EDGE('',*,*,#1530,.F.);
#2173=ORIENTED_EDGE('',*,*,#1537,.T.);
#2174=ORIENTED_EDGE('',*,*,#1526,.F.);
#2175=ORIENTED_EDGE('',*,*,#1536,.F.);
#2176=ORIENTED_EDGE('',*,*,#1529,.F.);
#2177=ORIENTED_EDGE('',*,*,#1538,.T.);
#2178=ORIENTED_EDGE('',*,*,#1523,.F.);
#2179=ORIENTED_EDGE('',*,*,#1537,.F.);
#2180=ORIENTED_EDGE('',*,*,#1528,.F.);
#2181=ORIENTED_EDGE('',*,*,#1535,.T.);
#2182=ORIENTED_EDGE('',*,*,#1532,.F.);
#2183=ORIENTED_EDGE('',*,*,#1538,.F.);
#2184=ORIENTED_EDGE('',*,*,#1398,.F.);
#2185=ORIENTED_EDGE('',*,*,#1539,.T.);
#2186=ORIENTED_EDGE('',*,*,#1540,.T.);
#2187=ORIENTED_EDGE('',*,*,#1539,.F.);
#2188=ORIENTED_EDGE('',*,*,#1540,.F.);
#2189=ORIENTED_EDGE('',*,*,#1541,.T.);
#2190=ORIENTED_EDGE('',*,*,#1541,.F.);
#2191=ORIENTED_EDGE('',*,*,#1542,.T.);
#2192=ORIENTED_EDGE('',*,*,#1459,.F.);
#2193=ORIENTED_EDGE('',*,*,#1542,.F.);
#2194=ORIENTED_EDGE('',*,*,#1270,.T.);
#2195=ORIENTED_EDGE('',*,*,#1543,.T.);
#2196=ORIENTED_EDGE('',*,*,#1544,.T.);
#2197=ORIENTED_EDGE('',*,*,#1545,.F.);
#2198=ORIENTED_EDGE('',*,*,#1252,.F.);
#2199=ORIENTED_EDGE('',*,*,#1269,.T.);
#2200=ORIENTED_EDGE('',*,*,#1275,.T.);
#2201=ORIENTED_EDGE('',*,*,#1546,.T.);
#2202=ORIENTED_EDGE('',*,*,#1543,.F.);
#2203=ORIENTED_EDGE('',*,*,#1547,.T.);
#2204=ORIENTED_EDGE('',*,*,#1548,.T.);
#2205=ORIENTED_EDGE('',*,*,#1549,.T.);
#2206=ORIENTED_EDGE('',*,*,#1550,.T.);
#2207=ORIENTED_EDGE('',*,*,#1551,.T.);
#2208=ORIENTED_EDGE('',*,*,#1273,.F.);
#2209=ORIENTED_EDGE('',*,*,#1289,.T.);
#2210=ORIENTED_EDGE('',*,*,#1545,.T.);
#2211=ORIENTED_EDGE('',*,*,#1274,.F.);
#2212=ORIENTED_EDGE('',*,*,#1552,.F.);
#2213=ORIENTED_EDGE('',*,*,#1550,.F.);
#2214=ORIENTED_EDGE('',*,*,#1553,.T.);
#2215=ORIENTED_EDGE('',*,*,#1549,.F.);
#2216=ORIENTED_EDGE('',*,*,#1554,.T.);
#2217=ORIENTED_EDGE('',*,*,#1546,.F.);
#2218=ORIENTED_EDGE('',*,*,#1553,.F.);
#2219=ORIENTED_EDGE('',*,*,#1548,.F.);
#2220=ORIENTED_EDGE('',*,*,#1555,.T.);
#2221=ORIENTED_EDGE('',*,*,#1544,.F.);
#2222=ORIENTED_EDGE('',*,*,#1554,.F.);
#2223=ORIENTED_EDGE('',*,*,#1547,.F.);
#2224=ORIENTED_EDGE('',*,*,#1552,.T.);
#2225=ORIENTED_EDGE('',*,*,#1551,.F.);
#2226=ORIENTED_EDGE('',*,*,#1555,.F.);
#2227=ORIENTED_EDGE('',*,*,#1392,.F.);
#2228=ORIENTED_EDGE('',*,*,#1279,.T.);
#2229=ORIENTED_EDGE('',*,*,#1248,.T.);
#2230=ORIENTED_EDGE('',*,*,#1556,.T.);
#2231=ORIENTED_EDGE('',*,*,#1557,.F.);
#2232=ORIENTED_EDGE('',*,*,#1393,.F.);
#2233=ORIENTED_EDGE('',*,*,#1556,.F.);
#2234=ORIENTED_EDGE('',*,*,#1247,.F.);
#2235=ORIENTED_EDGE('',*,*,#1504,.T.);
#2236=ORIENTED_EDGE('',*,*,#1513,.T.);
#2237=ORIENTED_EDGE('',*,*,#1510,.T.);
#2238=ORIENTED_EDGE('',*,*,#1245,.F.);
#2239=ORIENTED_EDGE('',*,*,#1394,.F.);
#2240=ORIENTED_EDGE('',*,*,#1557,.T.);
#2241=ORIENTED_EDGE('',*,*,#1244,.T.);
#2242=ORIENTED_EDGE('',*,*,#1379,.T.);
#2243=ORIENTED_EDGE('',*,*,#1558,.F.);
#2244=ORIENTED_EDGE('',*,*,#1559,.F.);
#2245=ORIENTED_EDGE('',*,*,#1466,.F.);
#2246=ORIENTED_EDGE('',*,*,#1560,.F.);
#2247=ORIENTED_EDGE('',*,*,#1352,.F.);
#2248=ORIENTED_EDGE('',*,*,#1558,.T.);
#2249=ORIENTED_EDGE('',*,*,#1371,.F.);
#2250=ORIENTED_EDGE('',*,*,#1358,.T.);
#2251=ORIENTED_EDGE('',*,*,#1351,.F.);
#2252=ORIENTED_EDGE('',*,*,#1258,.T.);
#2253=ORIENTED_EDGE('',*,*,#1465,.F.);
#2254=ORIENTED_EDGE('',*,*,#1559,.T.);
#2255=ORIENTED_EDGE('',*,*,#1372,.F.);
#2256=ORIENTED_EDGE('',*,*,#1560,.T.);
#2257=ORIENTED_EDGE('',*,*,#1462,.F.);
#2258=ORIENTED_EDGE('',*,*,#1305,.T.);
#2259=CYLINDRICAL_SURFACE('',#2498,2.25);
#2260=CYLINDRICAL_SURFACE('',#2504,2.25);
#2261=CYLINDRICAL_SURFACE('',#2511,2.25);
#2262=CYLINDRICAL_SURFACE('',#2517,2.25);
#2263=CYLINDRICAL_SURFACE('',#2522,2.25);
#2264=CYLINDRICAL_SURFACE('',#2525,2.25);
#2265=CYLINDRICAL_SURFACE('',#2528,1.58);
#2266=CYLINDRICAL_SURFACE('',#2542,1.58);
#2267=CYLINDRICAL_SURFACE('',#2543,2.25);
#2268=CYLINDRICAL_SURFACE('',#2547,2.25);
#2269=CYLINDRICAL_SURFACE('',#2548,2.25);
#2270=CYLINDRICAL_SURFACE('',#2550,1.58);
#2271=CYLINDRICAL_SURFACE('',#2551,1.58);
#2272=CYLINDRICAL_SURFACE('',#2552,2.25);
#2273=CYLINDRICAL_SURFACE('',#2555,2.25);
#2274=CYLINDRICAL_SURFACE('',#2560,2.25);
#2275=CYLINDRICAL_SURFACE('',#2563,2.25);
#2276=CYLINDRICAL_SURFACE('',#2565,2.25);
#2277=CYLINDRICAL_SURFACE('',#2572,2.25);
#2278=CYLINDRICAL_SURFACE('',#2574,2.25);
#2279=CYLINDRICAL_SURFACE('',#2583,2.25);
#2280=CYLINDRICAL_SURFACE('',#2592,2.25);
#2281=CYLINDRICAL_SURFACE('',#2596,2.25);
#2282=CYLINDRICAL_SURFACE('',#2599,2.25);
#2283=CYLINDRICAL_SURFACE('',#2608,1.);
#2284=CYLINDRICAL_SURFACE('',#2611,1.);
#2285=CYLINDRICAL_SURFACE('',#2613,1.);
#2286=CYLINDRICAL_SURFACE('',#2615,1.);
#2287=CYLINDRICAL_SURFACE('',#2621,1.);
#2288=CYLINDRICAL_SURFACE('',#2624,1.);
#2289=CYLINDRICAL_SURFACE('',#2626,1.);
#2290=CYLINDRICAL_SURFACE('',#2628,1.);
#2291=CYLINDRICAL_SURFACE('',#2635,1.);
#2292=CYLINDRICAL_SURFACE('',#2638,1.);
#2293=CYLINDRICAL_SURFACE('',#2640,1.);
#2294=CYLINDRICAL_SURFACE('',#2642,1.);
#2295=CYLINDRICAL_SURFACE('',#2648,2.25);
#2296=CYLINDRICAL_SURFACE('',#2653,3.5);
#2297=CYLINDRICAL_SURFACE('',#2657,3.5);
#2298=CYLINDRICAL_SURFACE('',#2660,2.2);
#2299=CYLINDRICAL_SURFACE('',#2665,2.2);
#2300=CYLINDRICAL_SURFACE('',#2672,2.25);
#2301=CYLINDRICAL_SURFACE('',#2684,1.);
#2302=CYLINDRICAL_SURFACE('',#2687,1.);
#2303=CYLINDRICAL_SURFACE('',#2689,1.);
#2304=CYLINDRICAL_SURFACE('',#2691,1.);
#2305=CYLINDRICAL_SURFACE('',#2695,1.);
#2306=CYLINDRICAL_SURFACE('',#2698,1.);
#2307=CYLINDRICAL_SURFACE('',#2700,1.);
#2308=CYLINDRICAL_SURFACE('',#2702,1.);
#2309=CYLINDRICAL_SURFACE('',#2708,1.);
#2310=CYLINDRICAL_SURFACE('',#2711,1.);
#2311=CYLINDRICAL_SURFACE('',#2713,1.);
#2312=CYLINDRICAL_SURFACE('',#2715,1.);
#2313=CYLINDRICAL_SURFACE('',#2716,3.5);
#2314=CYLINDRICAL_SURFACE('',#2720,2.2);
#2315=CYLINDRICAL_SURFACE('',#2728,1.);
#2316=CYLINDRICAL_SURFACE('',#2731,1.);
#2317=CYLINDRICAL_SURFACE('',#2733,1.);
#2318=CYLINDRICAL_SURFACE('',#2735,1.);
#2319=CYLINDRICAL_SURFACE('',#2736,3.5);
#2320=CYLINDRICAL_SURFACE('',#2740,2.2);
#2321=CYLINDRICAL_SURFACE('',#2745,1.);
#2322=CYLINDRICAL_SURFACE('',#2748,1.);
#2323=CYLINDRICAL_SURFACE('',#2750,1.);
#2324=CYLINDRICAL_SURFACE('',#2752,1.);
#2325=CYLINDRICAL_SURFACE('',#2753,2.25);
#2326=CYLINDRICAL_SURFACE('',#2755,2.25);
#2327=CYLINDRICAL_SURFACE('',#2757,2.25);
#2328=CYLINDRICAL_SURFACE('',#2758,2.25);
#2329=CYLINDRICAL_SURFACE('',#2759,2.25);
#2330=ADVANCED_FACE('',(#151),#2259,.T.);
#2331=ADVANCED_FACE('',(#152),#139,.T.);
#2332=ADVANCED_FACE('',(#153),#2260,.T.);
#2333=ADVANCED_FACE('',(#154),#140,.T.);
#2334=ADVANCED_FACE('',(#155),#2261,.T.);
#2335=ADVANCED_FACE('',(#156),#141,.T.);
#2336=ADVANCED_FACE('',(#157),#142,.T.);
#2337=ADVANCED_FACE('',(#158),#2262,.T.);
#2338=ADVANCED_FACE('',(#159),#24,.T.);
#2339=ADVANCED_FACE('',(#160),#2263,.T.);
#2340=ADVANCED_FACE('',(#161),#25,.T.);
#2341=ADVANCED_FACE('',(#162),#2264,.T.);
#2342=ADVANCED_FACE('',(#163),#26,.T.);
#2343=ADVANCED_FACE('',(#164),#2265,.F.);
#2344=ADVANCED_FACE('',(#165),#27,.T.);
#2345=ADVANCED_FACE('',(#166),#28,.T.);
#2346=ADVANCED_FACE('',(#167,#15),#29,.T.);
#2347=ADVANCED_FACE('',(#168),#30,.T.);
#2348=ADVANCED_FACE('',(#169),#2266,.F.);
#2349=ADVANCED_FACE('',(#170),#2267,.T.);
#2350=ADVANCED_FACE('',(#171),#2268,.T.);
#2351=ADVANCED_FACE('',(#172),#2269,.T.);
#2352=ADVANCED_FACE('',(#173),#2270,.F.);
#2353=ADVANCED_FACE('',(#174),#2271,.F.);
#2354=ADVANCED_FACE('',(#175),#2272,.T.);
#2355=ADVANCED_FACE('',(#176),#2273,.T.);
#2356=ADVANCED_FACE('',(#177),#143,.T.);
#2357=ADVANCED_FACE('',(#178),#31,.F.);
#2358=ADVANCED_FACE('',(#179),#2274,.T.);
#2359=ADVANCED_FACE('',(#180),#32,.T.);
#2360=ADVANCED_FACE('',(#181),#2275,.T.);
#2361=ADVANCED_FACE('',(#182),#2276,.T.);
#2362=ADVANCED_FACE('',(#183),#144,.T.);
#2363=ADVANCED_FACE('',(#184),#33,.T.);
#2364=ADVANCED_FACE('',(#185),#34,.T.);
#2365=ADVANCED_FACE('',(#186),#35,.T.);
#2366=ADVANCED_FACE('',(#187),#2277,.T.);
#2367=ADVANCED_FACE('',(#188),#2278,.T.);
#2368=ADVANCED_FACE('',(#189),#145,.T.);
#2369=ADVANCED_FACE('',(#190),#146,.T.);
#2370=ADVANCED_FACE('',(#191),#36,.T.);
#2371=ADVANCED_FACE('',(#192),#2279,.T.);
#2372=ADVANCED_FACE('',(#193),#37,.T.);
#2373=ADVANCED_FACE('',(#194),#147,.T.);
#2374=ADVANCED_FACE('',(#195),#2280,.T.);
#2375=ADVANCED_FACE('',(#196),#148,.T.);
#2376=ADVANCED_FACE('',(#197),#2281,.F.);
#2377=ADVANCED_FACE('',(#198),#38,.T.);
#2378=ADVANCED_FACE('',(#199),#2282,.F.);
#2379=ADVANCED_FACE('',(#200,#16,#17,#18,#19),#39,.F.);
#2380=ADVANCED_FACE('',(#201),#2283,.F.);
#2381=ADVANCED_FACE('',(#202),#2284,.F.);
#2382=ADVANCED_FACE('',(#203),#2285,.F.);
#2383=ADVANCED_FACE('',(#204),#2286,.F.);
#2384=ADVANCED_FACE('',(#205),#40,.F.);
#2385=ADVANCED_FACE('',(#206),#41,.F.);
#2386=ADVANCED_FACE('',(#207),#42,.T.);
#2387=ADVANCED_FACE('',(#208),#43,.F.);
#2388=ADVANCED_FACE('',(#209),#44,.F.);
#2389=ADVANCED_FACE('',(#210),#2287,.F.);
#2390=ADVANCED_FACE('',(#211),#2288,.F.);
#2391=ADVANCED_FACE('',(#212),#2289,.F.);
#2392=ADVANCED_FACE('',(#213),#2290,.F.);
#2393=ADVANCED_FACE('',(#214),#45,.F.);
#2394=ADVANCED_FACE('',(#215),#46,.F.);
#2395=ADVANCED_FACE('',(#216),#47,.T.);
#2396=ADVANCED_FACE('',(#217),#48,.F.);
#2397=ADVANCED_FACE('',(#218),#49,.F.);
#2398=ADVANCED_FACE('',(#219),#50,.T.);
#2399=ADVANCED_FACE('',(#220),#2291,.F.);
#2400=ADVANCED_FACE('',(#221),#2292,.F.);
#2401=ADVANCED_FACE('',(#222),#2293,.F.);
#2402=ADVANCED_FACE('',(#223),#2294,.F.);
#2403=ADVANCED_FACE('',(#224),#51,.F.);
#2404=ADVANCED_FACE('',(#225),#52,.F.);
#2405=ADVANCED_FACE('',(#226),#53,.T.);
#2406=ADVANCED_FACE('',(#227),#54,.F.);
#2407=ADVANCED_FACE('',(#228),#55,.F.);
#2408=ADVANCED_FACE('',(#229),#2295,.T.);
#2409=ADVANCED_FACE('',(#230),#56,.T.);
#2410=ADVANCED_FACE('',(#231,#20),#57,.F.);
#2411=ADVANCED_FACE('',(#232),#2296,.T.);
#2412=ADVANCED_FACE('',(#233,#21),#58,.F.);
#2413=ADVANCED_FACE('',(#234),#2297,.T.);
#2414=ADVANCED_FACE('',(#235),#59,.T.);
#2415=ADVANCED_FACE('',(#236),#2298,.T.);
#2416=ADVANCED_FACE('',(#237),#60,.T.);
#2417=ADVANCED_FACE('',(#238),#61,.T.);
#2418=ADVANCED_FACE('',(#239),#2299,.T.);
#2419=ADVANCED_FACE('',(#240),#149,.T.);
#2420=ADVANCED_FACE('',(#241),#150,.T.);
#2421=ADVANCED_FACE('',(#242),#2300,.T.);
#2422=ADVANCED_FACE('',(#243),#62,.F.);
#2423=ADVANCED_FACE('',(#244),#63,.F.);
#2424=ADVANCED_FACE('',(#245),#64,.F.);
#2425=ADVANCED_FACE('',(#246),#65,.F.);
#2426=ADVANCED_FACE('',(#247),#66,.F.);
#2427=ADVANCED_FACE('',(#248),#67,.F.);
#2428=ADVANCED_FACE('',(#249),#68,.F.);
#2429=ADVANCED_FACE('',(#250),#69,.F.);
#2430=ADVANCED_FACE('',(#251),#70,.T.);
#2431=ADVANCED_FACE('',(#252),#71,.F.);
#2432=ADVANCED_FACE('',(#253),#72,.F.);
#2433=ADVANCED_FACE('',(#254),#2301,.F.);
#2434=ADVANCED_FACE('',(#255),#2302,.F.);
#2435=ADVANCED_FACE('',(#256),#2303,.F.);
#2436=ADVANCED_FACE('',(#257),#2304,.F.);
#2437=ADVANCED_FACE('',(#258),#73,.T.);
#2438=ADVANCED_FACE('',(#259),#74,.F.);
#2439=ADVANCED_FACE('',(#260),#75,.F.);
#2440=ADVANCED_FACE('',(#261),#2305,.F.);
#2441=ADVANCED_FACE('',(#262),#2306,.F.);
#2442=ADVANCED_FACE('',(#263),#2307,.F.);
#2443=ADVANCED_FACE('',(#264),#2308,.F.);
#2444=ADVANCED_FACE('',(#265),#76,.F.);
#2445=ADVANCED_FACE('',(#266),#77,.F.);
#2446=ADVANCED_FACE('',(#267),#78,.T.);
#2447=ADVANCED_FACE('',(#268),#79,.F.);
#2448=ADVANCED_FACE('',(#269),#80,.F.);
#2449=ADVANCED_FACE('',(#270),#2309,.F.);
#2450=ADVANCED_FACE('',(#271),#2310,.F.);
#2451=ADVANCED_FACE('',(#272),#2311,.F.);
#2452=ADVANCED_FACE('',(#273),#2312,.F.);
#2453=ADVANCED_FACE('',(#274),#2313,.T.);
#2454=ADVANCED_FACE('',(#275,#22),#81,.F.);
#2455=ADVANCED_FACE('',(#276),#2314,.T.);
#2456=ADVANCED_FACE('',(#277),#82,.T.);
#2457=ADVANCED_FACE('',(#278),#83,.T.);
#2458=ADVANCED_FACE('',(#279),#84,.T.);
#2459=ADVANCED_FACE('',(#280),#85,.F.);
#2460=ADVANCED_FACE('',(#281),#86,.T.);
#2461=ADVANCED_FACE('',(#282),#87,.T.);
#2462=ADVANCED_FACE('',(#283),#2315,.F.);
#2463=ADVANCED_FACE('',(#284),#2316,.F.);
#2464=ADVANCED_FACE('',(#285),#2317,.F.);
#2465=ADVANCED_FACE('',(#286),#2318,.F.);
#2466=ADVANCED_FACE('',(#287),#2319,.T.);
#2467=ADVANCED_FACE('',(#288,#23),#88,.F.);
#2468=ADVANCED_FACE('',(#289),#2320,.T.);
#2469=ADVANCED_FACE('',(#290),#89,.T.);
#2470=ADVANCED_FACE('',(#291),#90,.T.);
#2471=ADVANCED_FACE('',(#292),#91,.F.);
#2472=ADVANCED_FACE('',(#293),#92,.T.);
#2473=ADVANCED_FACE('',(#294),#2321,.F.);
#2474=ADVANCED_FACE('',(#295),#2322,.F.);
#2475=ADVANCED_FACE('',(#296),#2323,.F.);
#2476=ADVANCED_FACE('',(#297),#2324,.F.);
#2477=ADVANCED_FACE('',(#298),#2325,.F.);
#2478=ADVANCED_FACE('',(#299),#93,.T.);
#2479=ADVANCED_FACE('',(#300),#2326,.F.);
#2480=ADVANCED_FACE('',(#301),#94,.T.);
#2481=ADVANCED_FACE('',(#302),#2327,.T.);
#2482=ADVANCED_FACE('',(#303),#2328,.T.);
#2483=ADVANCED_FACE('',(#304),#2329,.T.);
#2484=CLOSED_SHELL('',(#2330,#2331,#2332,#2333,#2334,#2335,#2336,#2337,
#2338,#2339,#2340,#2341,#2342,#2343,#2344,#2345,#2346,#2347,#2348,#2349,
#2350,#2351,#2352,#2353,#2354,#2355,#2356,#2357,#2358,#2359,#2360,#2361,
#2362,#2363,#2364,#2365,#2366,#2367,#2368,#2369,#2370,#2371,#2372,#2373,
#2374,#2375,#2376,#2377,#2378,#2379,#2380,#2381,#2382,#2383,#2384,#2385,
#2386,#2387,#2388,#2389,#2390,#2391,#2392,#2393,#2394,#2395,#2396,#2397,
#2398,#2399,#2400,#2401,#2402,#2403,#2404,#2405,#2406,#2407,#2408,#2409,
#2410,#2411,#2412,#2413,#2414,#2415,#2416,#2417,#2418,#2419,#2420,#2421,
#2422,#2423,#2424,#2425,#2426,#2427,#2428,#2429,#2430,#2431,#2432,#2433,
#2434,#2435,#2436,#2437,#2438,#2439,#2440,#2441,#2442,#2443,#2444,#2445,
#2446,#2447,#2448,#2449,#2450,#2451,#2452,#2453,#2454,#2455,#2456,#2457,
#2458,#2459,#2460,#2461,#2462,#2463,#2464,#2465,#2466,#2467,#2468,#2469,
#2470,#2471,#2472,#2473,#2474,#2475,#2476,#2477,#2478,#2479,#2480,#2481,
#2482,#2483));
#2485=DERIVED_UNIT_ELEMENT(#2487,1.);
#2486=DERIVED_UNIT_ELEMENT(#4272,-3.);
#2487=(
MASS_UNIT()
NAMED_UNIT(*)
SI_UNIT(.KILO.,.GRAM.)
);
#2488=DERIVED_UNIT((#2485,#2486));
#2489=MEASURE_REPRESENTATION_ITEM('density measure',
POSITIVE_RATIO_MEASURE(7850.),#2488);
#2490=PROPERTY_DEFINITION_REPRESENTATION(#2495,#2492);
#2491=PROPERTY_DEFINITION_REPRESENTATION(#2496,#2493);
#2492=REPRESENTATION('material name',(#2494),#4269);
#2493=REPRESENTATION('density',(#2489),#4269);
#2494=DESCRIPTIVE_REPRESENTATION_ITEM('Steel','Steel');
#2495=PROPERTY_DEFINITION('material property','material name',#4279);
#2496=PROPERTY_DEFINITION('material property','density of part',#4279);
#2497=AXIS2_PLACEMENT_3D('',#3521,#2760,#2761);
#2498=AXIS2_PLACEMENT_3D('',#3522,#2762,#2763);
#2499=AXIS2_PLACEMENT_3D('',#3525,#2764,#2765);
#2500=AXIS2_PLACEMENT_3D('',#3529,#2767,#2768);
#2501=AXIS2_PLACEMENT_3D('',#3531,#2770,#2771);
#2502=AXIS2_PLACEMENT_3D('',#3533,#2772,#2773);
#2503=AXIS2_PLACEMENT_3D('',#3534,#2774,#2775);
#2504=AXIS2_PLACEMENT_3D('',#3535,#2776,#2777);
#2505=AXIS2_PLACEMENT_3D('',#3537,#2778,#2779);
#2506=AXIS2_PLACEMENT_3D('',#3541,#2781,#2782);
#2507=AXIS2_PLACEMENT_3D('',#3543,#2784,#2785);
#2508=AXIS2_PLACEMENT_3D('',#3546,#2786,#2787);
#2509=AXIS2_PLACEMENT_3D('',#3548,#2788,#2789);
#2510=AXIS2_PLACEMENT_3D('',#3549,#2790,#2791);
#2511=AXIS2_PLACEMENT_3D('',#3550,#2792,#2793);
#2512=AXIS2_PLACEMENT_3D('',#3552,#2794,#2795);
#2513=AXIS2_PLACEMENT_3D('',#3555,#2798,#2799);
#2514=AXIS2_PLACEMENT_3D('',#3556,#2800,#2801);
#2515=AXIS2_PLACEMENT_3D('',#3557,#2802,#2803);
#2516=AXIS2_PLACEMENT_3D('',#3558,#2804,#2805);
#2517=AXIS2_PLACEMENT_3D('',#3559,#2806,#2807);
#2518=AXIS2_PLACEMENT_3D('',#3563,#2809,#2810);
#2519=AXIS2_PLACEMENT_3D('',#3591,#2814,#2815);
#2520=AXIS2_PLACEMENT_3D('',#3607,#2823,#2824);
#2521=AXIS2_PLACEMENT_3D('',#3615,#2828,#2829);
#2522=AXIS2_PLACEMENT_3D('',#3627,#2836,#2837);
#2523=AXIS2_PLACEMENT_3D('',#3630,#2839,#2840);
#2524=AXIS2_PLACEMENT_3D('',#3631,#2841,#2842);
#2525=AXIS2_PLACEMENT_3D('',#3639,#2847,#2848);
#2526=AXIS2_PLACEMENT_3D('',#3642,#2850,#2851);
#2527=AXIS2_PLACEMENT_3D('',#3643,#2852,#2853);
#2528=AXIS2_PLACEMENT_3D('',#3645,#2855,#2856);
#2529=AXIS2_PLACEMENT_3D('',#3649,#2858,#2859);
#2530=AXIS2_PLACEMENT_3D('',#3652,#2861,#2862);
#2531=AXIS2_PLACEMENT_3D('',#3653,#2863,#2864);
#2532=AXIS2_PLACEMENT_3D('',#3661,#2869,#2870);
#2533=AXIS2_PLACEMENT_3D('',#3669,#2875,#2876);
#2534=AXIS2_PLACEMENT_3D('',#3692,#2888,#2889);
#2535=AXIS2_PLACEMENT_3D('',#3697,#2892,#2893);
#2536=AXIS2_PLACEMENT_3D('',#3701,#2895,#2896);
#2537=AXIS2_PLACEMENT_3D('',#3706,#2899,#2900);
#2538=AXIS2_PLACEMENT_3D('',#3708,#2902,#2903);
#2539=AXIS2_PLACEMENT_3D('',#3712,#2905,#2906);
#2540=AXIS2_PLACEMENT_3D('',#3716,#2908,#2909);
#2541=AXIS2_PLACEMENT_3D('',#3719,#2911,#2912);
#2542=AXIS2_PLACEMENT_3D('',#3727,#2917,#2918);
#2543=AXIS2_PLACEMENT_3D('',#3730,#2921,#2922);
#2544=AXIS2_PLACEMENT_3D('',#3732,#2923,#2924);
#2545=AXIS2_PLACEMENT_3D('',#3734,#2925,#2926);
#2546=AXIS2_PLACEMENT_3D('',#3751,#2928,#2929);
#2547=AXIS2_PLACEMENT_3D('',#3752,#2930,#2931);
#2548=AXIS2_PLACEMENT_3D('',#3763,#2934,#2935);
#2549=AXIS2_PLACEMENT_3D('',#3766,#2937,#2938);
#2550=AXIS2_PLACEMENT_3D('',#3767,#2939,#2940);
#2551=AXIS2_PLACEMENT_3D('',#3770,#2943,#2944);
#2552=AXIS2_PLACEMENT_3D('',#3773,#2947,#2948);
#2553=AXIS2_PLACEMENT_3D('',#3775,#2949,#2950);
#2554=AXIS2_PLACEMENT_3D('',#3779,#2952,#2953);
#2555=AXIS2_PLACEMENT_3D('',#3781,#2955,#2956);
#2556=AXIS2_PLACEMENT_3D('',#3784,#2958,#2959);
#2557=AXIS2_PLACEMENT_3D('',#3786,#2961,#2962);
#2558=AXIS2_PLACEMENT_3D('',#3787,#2963,#2964);
#2559=AXIS2_PLACEMENT_3D('',#3788,#2965,#2966);
#2560=AXIS2_PLACEMENT_3D('',#3794,#2970,#2971);
#2561=AXIS2_PLACEMENT_3D('',#3797,#2973,#2974);
#2562=AXIS2_PLACEMENT_3D('',#3798,#2975,#2976);
#2563=AXIS2_PLACEMENT_3D('',#3800,#2978,#2979);
#2564=AXIS2_PLACEMENT_3D('',#3810,#2981,#2982);
#2565=AXIS2_PLACEMENT_3D('',#3811,#2983,#2984);
#2566=AXIS2_PLACEMENT_3D('',#3813,#2985,#2986);
#2567=AXIS2_PLACEMENT_3D('',#3814,#2987,#2988);
#2568=AXIS2_PLACEMENT_3D('',#3816,#2990,#2991);
#2569=AXIS2_PLACEMENT_3D('',#3817,#2992,#2993);
#2570=AXIS2_PLACEMENT_3D('',#3818,#2994,#2995);
#2571=AXIS2_PLACEMENT_3D('',#3820,#2997,#2998);
#2572=AXIS2_PLACEMENT_3D('',#3822,#3000,#3001);
#2573=AXIS2_PLACEMENT_3D('',#3824,#3002,#3003);
#2574=AXIS2_PLACEMENT_3D('',#3826,#3005,#3006);
#2575=AXIS2_PLACEMENT_3D('',#3828,#3007,#3008);
#2576=AXIS2_PLACEMENT_3D('',#3830,#3009,#3010);
#2577=AXIS2_PLACEMENT_3D('',#3832,#3012,#3013);
#2578=AXIS2_PLACEMENT_3D('',#3834,#3014,#3015);
#2579=AXIS2_PLACEMENT_3D('',#3835,#3016,#3017);
#2580=AXIS2_PLACEMENT_3D('',#3836,#3018,#3019);
#2581=AXIS2_PLACEMENT_3D('',#3837,#3020,#3021);
#2582=AXIS2_PLACEMENT_3D('',#3838,#3022,#3023);
#2583=AXIS2_PLACEMENT_3D('',#3842,#3026,#3027);
#2584=AXIS2_PLACEMENT_3D('',#3845,#3029,#3030);
#2585=AXIS2_PLACEMENT_3D('',#3846,#3031,#3032);
#2586=AXIS2_PLACEMENT_3D('',#3854,#3037,#3038);
#2587=AXIS2_PLACEMENT_3D('',#3862,#3042,#3043);
#2588=AXIS2_PLACEMENT_3D('',#3868,#3047,#3048);
#2589=AXIS2_PLACEMENT_3D('',#3869,#3049,#3050);
#2590=AXIS2_PLACEMENT_3D('',#3871,#3051,#3052);
#2591=AXIS2_PLACEMENT_3D('',#3872,#3053,#3054);
#2592=AXIS2_PLACEMENT_3D('',#3873,#3055,#3056);
#2593=AXIS2_PLACEMENT_3D('',#3874,#3057,#3058);
#2594=AXIS2_PLACEMENT_3D('',#3875,#3059,#3060);
#2595=AXIS2_PLACEMENT_3D('',#3876,#3061,#3062);
#2596=AXIS2_PLACEMENT_3D('',#3877,#3063,#3064);
#2597=AXIS2_PLACEMENT_3D('',#3880,#3065,#3066);
#2598=AXIS2_PLACEMENT_3D('',#3883,#3069,#3070);
#2599=AXIS2_PLACEMENT_3D('',#3902,#3082,#3083);
#2600=AXIS2_PLACEMENT_3D('',#3904,#3084,#3085);
#2601=AXIS2_PLACEMENT_3D('',#3906,#3087,#3088);
#2602=AXIS2_PLACEMENT_3D('',#3909,#3090,#3091);
#2603=AXIS2_PLACEMENT_3D('',#3912,#3093,#3094);
#2604=AXIS2_PLACEMENT_3D('',#3914,#3095,#3096);
#2605=AXIS2_PLACEMENT_3D('',#3916,#3097,#3098);
#2606=AXIS2_PLACEMENT_3D('',#3918,#3099,#3100);
#2607=AXIS2_PLACEMENT_3D('',#3920,#3101,#3102);
#2608=AXIS2_PLACEMENT_3D('',#3921,#3103,#3104);
#2609=AXIS2_PLACEMENT_3D('',#3926,#3106,#3107);
#2610=AXIS2_PLACEMENT_3D('',#3929,#3109,#3110);
#2611=AXIS2_PLACEMENT_3D('',#3930,#3111,#3112);
#2612=AXIS2_PLACEMENT_3D('',#3934,#3114,#3115);
#2613=AXIS2_PLACEMENT_3D('',#3936,#3117,#3118);
#2614=AXIS2_PLACEMENT_3D('',#3940,#3120,#3121);
#2615=AXIS2_PLACEMENT_3D('',#3942,#3123,#3124);
#2616=AXIS2_PLACEMENT_3D('',#3945,#3127,#3128);
#2617=AXIS2_PLACEMENT_3D('',#3948,#3131,#3132);
#2618=AXIS2_PLACEMENT_3D('',#3950,#3134,#3135);
#2619=AXIS2_PLACEMENT_3D('',#3951,#3136,#3137);
#2620=AXIS2_PLACEMENT_3D('',#3953,#3139,#3140);
#2621=AXIS2_PLACEMENT_3D('',#3954,#3141,#3142);
#2622=AXIS2_PLACEMENT_3D('',#3959,#3144,#3145);
#2623=AXIS2_PLACEMENT_3D('',#3962,#3147,#3148);
#2624=AXIS2_PLACEMENT_3D('',#3963,#3149,#3150);
#2625=AXIS2_PLACEMENT_3D('',#3967,#3152,#3153);
#2626=AXIS2_PLACEMENT_3D('',#3969,#3155,#3156);
#2627=AXIS2_PLACEMENT_3D('',#3973,#3158,#3159);
#2628=AXIS2_PLACEMENT_3D('',#3975,#3161,#3162);
#2629=AXIS2_PLACEMENT_3D('',#3978,#3165,#3166);
#2630=AXIS2_PLACEMENT_3D('',#3984,#3170,#3171);
#2631=AXIS2_PLACEMENT_3D('',#3987,#3174,#3175);
#2632=AXIS2_PLACEMENT_3D('',#3988,#3176,#3177);
#2633=AXIS2_PLACEMENT_3D('',#3991,#3180,#3181);
#2634=AXIS2_PLACEMENT_3D('',#3992,#3182,#3183);
#2635=AXIS2_PLACEMENT_3D('',#3993,#3184,#3185);
#2636=AXIS2_PLACEMENT_3D('',#3998,#3187,#3188);
#2637=AXIS2_PLACEMENT_3D('',#4001,#3190,#3191);
#2638=AXIS2_PLACEMENT_3D('',#4002,#3192,#3193);
#2639=AXIS2_PLACEMENT_3D('',#4006,#3195,#3196);
#2640=AXIS2_PLACEMENT_3D('',#4008,#3198,#3199);
#2641=AXIS2_PLACEMENT_3D('',#4012,#3201,#3202);
#2642=AXIS2_PLACEMENT_3D('',#4014,#3204,#3205);
#2643=AXIS2_PLACEMENT_3D('',#4017,#3208,#3209);
#2644=AXIS2_PLACEMENT_3D('',#4020,#3212,#3213);
#2645=AXIS2_PLACEMENT_3D('',#4022,#3215,#3216);
#2646=AXIS2_PLACEMENT_3D('',#4023,#3217,#3218);
#2647=AXIS2_PLACEMENT_3D('',#4025,#3220,#3221);
#2648=AXIS2_PLACEMENT_3D('',#4026,#3222,#3223);
#2649=AXIS2_PLACEMENT_3D('',#4028,#3225,#3226);
#2650=AXIS2_PLACEMENT_3D('',#4029,#3227,#3228);
#2651=AXIS2_PLACEMENT_3D('',#4031,#3229,#3230);
#2652=AXIS2_PLACEMENT_3D('',#4033,#3231,#3232);
#2653=AXIS2_PLACEMENT_3D('',#4034,#3233,#3234);
#2654=AXIS2_PLACEMENT_3D('',#4036,#3236,#3237);
#2655=AXIS2_PLACEMENT_3D('',#4038,#3238,#3239);
#2656=AXIS2_PLACEMENT_3D('',#4040,#3240,#3241);
#2657=AXIS2_PLACEMENT_3D('',#4041,#3242,#3243);
#2658=AXIS2_PLACEMENT_3D('',#4043,#3245,#3246);
#2659=AXIS2_PLACEMENT_3D('',#4045,#3247,#3248);
#2660=AXIS2_PLACEMENT_3D('',#4046,#3249,#3250);
#2661=AXIS2_PLACEMENT_3D('',#4048,#3252,#3253);
#2662=AXIS2_PLACEMENT_3D('',#4050,#3254,#3255);
#2663=AXIS2_PLACEMENT_3D('',#4051,#3256,#3257);
#2664=AXIS2_PLACEMENT_3D('',#4053,#3258,#3259);
#2665=AXIS2_PLACEMENT_3D('',#4054,#3260,#3261);
#2666=AXIS2_PLACEMENT_3D('',#4056,#3263,#3264);
#2667=AXIS2_PLACEMENT_3D('',#4058,#3265,#3266);
#2668=AXIS2_PLACEMENT_3D('',#4059,#3267,#3268);
#2669=AXIS2_PLACEMENT_3D('',#4060,#3269,#3270);
#2670=AXIS2_PLACEMENT_3D('',#4062,#3271,#3272);
#2671=AXIS2_PLACEMENT_3D('',#4063,#3273,#3274);
#2672=AXIS2_PLACEMENT_3D('',#4064,#3275,#3276);
#2673=AXIS2_PLACEMENT_3D('',#4066,#3278,#3279);
#2674=AXIS2_PLACEMENT_3D('',#4067,#3280,#3281);
#2675=AXIS2_PLACEMENT_3D('',#4068,#3282,#3283);
#2676=AXIS2_PLACEMENT_3D('',#4069,#3284,#3285);
#2677=AXIS2_PLACEMENT_3D('',#4070,#3286,#3287);
#2678=AXIS2_PLACEMENT_3D('',#4076,#3291,#3292);
#2679=AXIS2_PLACEMENT_3D('',#4080,#3295,#3296);
#2680=AXIS2_PLACEMENT_3D('',#4086,#3300,#3301);
#2681=AXIS2_PLACEMENT_3D('',#4090,#3304,#3305);
#2682=AXIS2_PLACEMENT_3D('',#4099,#3310,#3311);
#2683=AXIS2_PLACEMENT_3D('',#4103,#3314,#3315);
#2684=AXIS2_PLACEMENT_3D('',#4105,#3317,#3318);
#2685=AXIS2_PLACEMENT_3D('',#4106,#3319,#3320);
#2686=AXIS2_PLACEMENT_3D('',#4107,#3321,#3322);
#2687=AXIS2_PLACEMENT_3D('',#4108,#3323,#3324);
#2688=AXIS2_PLACEMENT_3D('',#4109,#3325,#3326);
#2689=AXIS2_PLACEMENT_3D('',#4110,#3327,#3328);
#2690=AXIS2_PLACEMENT_3D('',#4111,#3329,#3330);
#2691=AXIS2_PLACEMENT_3D('',#4112,#3331,#3332);
#2692=AXIS2_PLACEMENT_3D('',#4113,#3333,#3334);
#2693=AXIS2_PLACEMENT_3D('',#4122,#3339,#3340);
#2694=AXIS2_PLACEMENT_3D('',#4126,#3343,#3344);
#2695=AXIS2_PLACEMENT_3D('',#4128,#3346,#3347);
#2696=AXIS2_PLACEMENT_3D('',#4129,#3348,#3349);
#2697=AXIS2_PLACEMENT_3D('',#4130,#3350,#3351);
#2698=AXIS2_PLACEMENT_3D('',#4131,#3352,#3353);
#2699=AXIS2_PLACEMENT_3D('',#4132,#3354,#3355);
#2700=AXIS2_PLACEMENT_3D('',#4133,#3356,#3357);
#2701=AXIS2_PLACEMENT_3D('',#4134,#3358,#3359);
#2702=AXIS2_PLACEMENT_3D('',#4135,#3360,#3361);
#2703=AXIS2_PLACEMENT_3D('',#4136,#3362,#3363);
#2704=AXIS2_PLACEMENT_3D('',#4142,#3367,#3368);
#2705=AXIS2_PLACEMENT_3D('',#4148,#3372,#3373);
#2706=AXIS2_PLACEMENT_3D('',#4157,#3378,#3379);
#2707=AXIS2_PLACEMENT_3D('',#4163,#3383,#3384);
#2708=AXIS2_PLACEMENT_3D('',#4166,#3387,#3388);
#2709=AXIS2_PLACEMENT_3D('',#4167,#3389,#3390);
#2710=AXIS2_PLACEMENT_3D('',#4168,#3391,#3392);
#2711=AXIS2_PLACEMENT_3D('',#4169,#3393,#3394);
#2712=AXIS2_PLACEMENT_3D('',#4170,#3395,#3396);
#2713=AXIS2_PLACEMENT_3D('',#4171,#3397,#3398);
#2714=AXIS2_PLACEMENT_3D('',#4172,#3399,#3400);
#2715=AXIS2_PLACEMENT_3D('',#4173,#3401,#3402);
#2716=AXIS2_PLACEMENT_3D('',#4174,#3403,#3404);
#2717=AXIS2_PLACEMENT_3D('',#4177,#3406,#3407);
#2718=AXIS2_PLACEMENT_3D('',#4178,#3408,#3409);
#2719=AXIS2_PLACEMENT_3D('',#4180,#3410,#3411);
#2720=AXIS2_PLACEMENT_3D('',#4181,#3412,#3413);
#2721=AXIS2_PLACEMENT_3D('',#4184,#3415,#3416);
#2722=AXIS2_PLACEMENT_3D('',#4185,#3417,#3418);
#2723=AXIS2_PLACEMENT_3D('',#4186,#3419,#3420);
#2724=AXIS2_PLACEMENT_3D('',#4192,#3424,#3425);
#2725=AXIS2_PLACEMENT_3D('',#4196,#3428,#3429);
#2726=AXIS2_PLACEMENT_3D('',#4205,#3434,#3435);
#2727=AXIS2_PLACEMENT_3D('',#4209,#3438,#3439);
#2728=AXIS2_PLACEMENT_3D('',#4211,#3441,#3442);
#2729=AXIS2_PLACEMENT_3D('',#4212,#3443,#3444);
#2730=AXIS2_PLACEMENT_3D('',#4213,#3445,#3446);
#2731=AXIS2_PLACEMENT_3D('',#4214,#3447,#3448);
#2732=AXIS2_PLACEMENT_3D('',#4215,#3449,#3450);
#2733=AXIS2_PLACEMENT_3D('',#4216,#3451,#3452);
#2734=AXIS2_PLACEMENT_3D('',#4217,#3453,#3454);
#2735=AXIS2_PLACEMENT_3D('',#4218,#3455,#3456);
#2736=AXIS2_PLACEMENT_3D('',#4219,#3457,#3458);
#2737=AXIS2_PLACEMENT_3D('',#4222,#3460,#3461);
#2738=AXIS2_PLACEMENT_3D('',#4223,#3462,#3463);
#2739=AXIS2_PLACEMENT_3D('',#4225,#3464,#3465);
#2740=AXIS2_PLACEMENT_3D('',#4226,#3466,#3467);
#2741=AXIS2_PLACEMENT_3D('',#4228,#3469,#3470);
#2742=AXIS2_PLACEMENT_3D('',#4234,#3474,#3475);
#2743=AXIS2_PLACEMENT_3D('',#4236,#3477,#3478);
#2744=AXIS2_PLACEMENT_3D('',#4245,#3483,#3484);
#2745=AXIS2_PLACEMENT_3D('',#4247,#3486,#3487);
#2746=AXIS2_PLACEMENT_3D('',#4248,#3488,#3489);
#2747=AXIS2_PLACEMENT_3D('',#4249,#3490,#3491);
#2748=AXIS2_PLACEMENT_3D('',#4250,#3492,#3493);
#2749=AXIS2_PLACEMENT_3D('',#4251,#3494,#3495);
#2750=AXIS2_PLACEMENT_3D('',#4252,#3496,#3497);
#2751=AXIS2_PLACEMENT_3D('',#4253,#3498,#3499);
#2752=AXIS2_PLACEMENT_3D('',#4254,#3500,#3501);
#2753=AXIS2_PLACEMENT_3D('',#4255,#3502,#3503);
#2754=AXIS2_PLACEMENT_3D('',#4257,#3505,#3506);
#2755=AXIS2_PLACEMENT_3D('',#4259,#3508,#3509);
#2756=AXIS2_PLACEMENT_3D('',#4260,#3510,#3511);
#2757=AXIS2_PLACEMENT_3D('',#4264,#3515,#3516);
#2758=AXIS2_PLACEMENT_3D('',#4265,#3517,#3518);
#2759=AXIS2_PLACEMENT_3D('',#4266,#3519,#3520);
#2760=DIRECTION('axis',(0.,0.,1.));
#2761=DIRECTION('refdir',(1.,0.,0.));
#2762=DIRECTION('center_axis',(0.,0.,-1.));
#2763=DIRECTION('ref_axis',(-0.707106781186545,0.70710678118655,0.));
#2764=DIRECTION('center_axis',(0.,0.,-1.));
#2765=DIRECTION('ref_axis',(-1.,0.,0.));
#2766=DIRECTION('',(0.,0.,-1.));
#2767=DIRECTION('center_axis',(0.,0.,1.));
#2768=DIRECTION('ref_axis',(0.,1.,0.));
#2769=DIRECTION('',(0.,0.,1.));
#2770=DIRECTION('center_axis',(-0.40824829046386,-0.816496580927727,-0.408248290463864));
#2771=DIRECTION('ref_axis',(-0.577350269189626,0.577350269189626,-0.577350269189626));
#2772=DIRECTION('center_axis',(-1.,0.,0.));
#2773=DIRECTION('ref_axis',(0.,0.707106781186547,-0.707106781186549));
#2774=DIRECTION('center_axis',(0.,1.,0.));
#2775=DIRECTION('ref_axis',(-0.707106781186543,0.,-0.707106781186552));
#2776=DIRECTION('center_axis',(0.,-1.,0.));
#2777=DIRECTION('ref_axis',(-0.707106781186544,0.,0.707106781186551));
#2778=DIRECTION('center_axis',(0.,-1.,0.));
#2779=DIRECTION('ref_axis',(0.,0.,1.));
#2780=DIRECTION('',(0.,-1.,0.));
#2781=DIRECTION('center_axis',(0.,1.,0.));
#2782=DIRECTION('ref_axis',(-1.,0.,0.));
#2783=DIRECTION('',(0.,1.,0.));
#2784=DIRECTION('center_axis',(0.40824829046386,-0.816496580927727,0.408248290463864));
#2785=DIRECTION('ref_axis',(-0.577350269189626,-0.577350269189626,-0.577350269189626));
#2786=DIRECTION('center_axis',(0.,0.,-1.));
#2787=DIRECTION('ref_axis',(0.,-1.,0.));
#2788=DIRECTION('center_axis',(0.,-1.,0.));
#2789=DIRECTION('ref_axis',(-0.707106781186543,0.,-0.707106781186552));
#2790=DIRECTION('center_axis',(-1.,0.,0.));
#2791=DIRECTION('ref_axis',(0.,-0.707106781186543,-0.707106781186552));
#2792=DIRECTION('center_axis',(0.,0.,-1.));
#2793=DIRECTION('ref_axis',(-0.707106781186548,-0.707106781186548,0.));
#2794=DIRECTION('center_axis',(0.,0.,-1.));
#2795=DIRECTION('ref_axis',(0.,-1.,0.));
#2796=DIRECTION('',(0.,0.,-1.));
#2797=DIRECTION('',(0.,0.,1.));
#2798=DIRECTION('center_axis',(0.408248290463861,-0.816496580927728,-0.408248290463862));
#2799=DIRECTION('ref_axis',(-0.577350269189627,-0.577350269189621,0.577350269189629));
#2800=DIRECTION('center_axis',(-1.,0.,0.));
#2801=DIRECTION('ref_axis',(0.,-0.707106781186543,0.707106781186552));
#2802=DIRECTION('center_axis',(-0.40824829046386,-0.816496580927727,0.408248290463864));
#2803=DIRECTION('ref_axis',(-0.577350269189626,0.577350269189626,0.577350269189626));
#2804=DIRECTION('center_axis',(-1.,0.,0.));
#2805=DIRECTION('ref_axis',(0.,0.707106781186547,0.707106781186549));
#2806=DIRECTION('center_axis',(1.,0.,0.));
#2807=DIRECTION('ref_axis',(0.,0.707106781186547,0.707106781186548));
#2808=DIRECTION('',(1.,0.,0.));
#2809=DIRECTION('center_axis',(0.92387953705539,0.,0.382683421394655));
#2810=DIRECTION('ref_axis',(-0.382683421394655,2.84920092783034E-16,0.92387953705539));
#2811=DIRECTION('',(-1.,0.,0.));
#2812=DIRECTION('',(-1.,0.,0.));
#2813=DIRECTION('',(-1.,0.,0.));
#2814=DIRECTION('center_axis',(0.,0.,1.));
#2815=DIRECTION('ref_axis',(1.,0.,0.));
#2816=DIRECTION('',(-1.,0.,0.));
#2817=DIRECTION('',(0.,1.,0.));
#2818=DIRECTION('',(-1.,0.,0.));
#2819=DIRECTION('',(-1.,0.,0.));
#2820=DIRECTION('',(-1.,0.,0.));
#2821=DIRECTION('',(-1.,0.,0.));
#2822=DIRECTION('',(-1.,0.,0.));
#2823=DIRECTION('center_axis',(0.,0.,1.));
#2824=DIRECTION('ref_axis',(-0.707106781186542,-0.707106781186553,0.));
#2825=DIRECTION('',(0.,1.,0.));
#2826=DIRECTION('',(0.,1.,0.));
#2827=DIRECTION('',(0.,1.,0.));
#2828=DIRECTION('center_axis',(0.,0.,1.));
#2829=DIRECTION('ref_axis',(-0.70710678118655,0.707106781186545,0.));
#2830=DIRECTION('',(1.,0.,0.));
#2831=DIRECTION('',(1.,0.,0.));
#2832=DIRECTION('',(1.,0.,0.));
#2833=DIRECTION('',(1.,0.,0.));
#2834=DIRECTION('',(-1.,0.,2.07988415160789E-13));
#2835=DIRECTION('',(0.,-1.,0.));
#2836=DIRECTION('center_axis',(-1.,0.,0.));
#2837=DIRECTION('ref_axis',(0.,-0.707106781186544,0.707106781186551));
#2838=DIRECTION('',(1.,0.,0.));
#2839=DIRECTION('center_axis',(-0.923875715916191,0.,-0.382692646310777));
#2840=DIRECTION('ref_axis',(-0.382692646310777,3.98886480106414E-16,0.923875715916191));
#2841=DIRECTION('center_axis',(0.,-1.,0.));
#2842=DIRECTION('ref_axis',(0.,0.,-1.));
#2843=DIRECTION('',(-1.,0.,0.));
#2844=DIRECTION('',(0.,0.,-1.));
#2845=DIRECTION('',(1.,0.,0.));
#2846=DIRECTION('',(0.707092676919311,0.,0.707120885172459));
#2847=DIRECTION('center_axis',(-1.,0.,0.));
#2848=DIRECTION('ref_axis',(0.,-0.707106781186544,-0.707106781186551));
#2849=DIRECTION('',(1.,0.,0.));
#2850=DIRECTION('center_axis',(-1.,0.,0.));
#2851=DIRECTION('ref_axis',(0.,0.,-1.));
#2852=DIRECTION('center_axis',(-1.,0.,0.));
#2853=DIRECTION('ref_axis',(0.,0.,1.));
#2854=DIRECTION('',(0.,1.,0.));
#2855=DIRECTION('center_axis',(0.,-1.,1.11022302462516E-16));
#2856=DIRECTION('ref_axis',(-1.,0.,2.71926214689411E-32));
#2857=DIRECTION('',(0.,-1.,1.11022302462516E-16));
#2858=DIRECTION('center_axis',(0.,1.,0.));
#2859=DIRECTION('ref_axis',(-1.,0.,2.71926214689411E-32));
#2860=DIRECTION('',(0.,-1.,1.11022302462516E-16));
#2861=DIRECTION('center_axis',(0.,-1.,0.));
#2862=DIRECTION('ref_axis',(6.4083759396085E-13,0.,1.));
#2863=DIRECTION('center_axis',(1.,0.,0.));
#2864=DIRECTION('ref_axis',(0.,0.,1.));
#2865=DIRECTION('',(0.,-0.707106781186547,-0.707106781186547));
#2866=DIRECTION('',(0.,0.,-1.));
#2867=DIRECTION('',(0.,0.707106781186548,-0.707106781186548));
#2868=DIRECTION('',(0.,0.,1.));
#2869=DIRECTION('center_axis',(0.,-0.707106781186548,0.707106781186548));
#2870=DIRECTION('ref_axis',(1.,0.,0.));
#2871=DIRECTION('',(1.,0.,0.));
#2872=DIRECTION('',(-0.577350269189626,0.577350269189626,0.577350269189626));
#2873=DIRECTION('',(-1.,0.,0.));
#2874=DIRECTION('',(0.577350269189626,0.577350269189626,0.577350269189626));
#2875=DIRECTION('center_axis',(0.,-1.,0.));
#2876=DIRECTION('ref_axis',(1.,0.,0.));
#2877=DIRECTION('',(0.,0.,1.));
#2878=DIRECTION('',(1.,0.,0.));
#2879=DIRECTION('',(0.,0.,-1.));
#2880=DIRECTION('',(0.,0.,1.));
#2881=DIRECTION('',(-1.,0.,0.));
#2882=DIRECTION('',(0.,0.,-1.));
#2883=DIRECTION('',(1.,0.,0.));
#2884=DIRECTION('',(0.,0.,-1.));
#2885=DIRECTION('',(-1.,0.,0.));
#2886=DIRECTION('',(0.,0.,1.));
#2887=DIRECTION('',(1.,0.,0.));
#2888=DIRECTION('center_axis',(0.,1.,0.));
#2889=DIRECTION('ref_axis',(-0.382683421394651,0.,0.923879537055391));
#2890=DIRECTION('',(-0.707106797979365,0.,-0.70710676439373));
#2891=DIRECTION('',(0.,0.,1.));
#2892=DIRECTION('center_axis',(0.,1.,0.));
#2893=DIRECTION('ref_axis',(1.,0.,-2.71926214689411E-32));
#2894=DIRECTION('',(-1.,0.,2.262055770779E-14));
#2895=DIRECTION('center_axis',(0.,1.,0.));
#2896=DIRECTION('ref_axis',(-1.578598363139E-12,-1.11022302462516E-16,-1.));
#2897=DIRECTION('',(2.71926214689372E-32,0.,1.));
#2898=DIRECTION('',(1.,0.,-2.71926214689411E-32));
#2899=DIRECTION('center_axis',(0.,1.,0.));
#2900=DIRECTION('ref_axis',(-1.575128916187E-12,1.11022302462516E-16,1.));
#2901=DIRECTION('',(-2.71926214689372E-32,0.,-1.));
#2902=DIRECTION('center_axis',(0.,1.,0.));
#2903=DIRECTION('ref_axis',(0.,0.,1.));
#2904=DIRECTION('',(0.,0.,-1.));
#2905=DIRECTION('center_axis',(0.,-1.,0.));
#2906=DIRECTION('ref_axis',(-1.,0.,7.02672800395671E-16));
#2907=DIRECTION('',(1.,0.,1.30512111045256E-16));
#2908=DIRECTION('center_axis',(0.,-1.,0.));
#2909=DIRECTION('ref_axis',(6.4083759396085E-13,0.,-1.));
#2910=DIRECTION('',(0.,0.,-1.));
#2911=DIRECTION('center_axis',(0.,-1.,0.));
#2912=DIRECTION('ref_axis',(1.,0.,-7.02672800395671E-16));
#2913=DIRECTION('',(-0.707106797979365,0.,-0.70710676439373));
#2914=DIRECTION('',(-1.,0.,0.));
#2915=DIRECTION('',(0.,0.,1.));
#2916=DIRECTION('',(1.,0.,0.));
#2917=DIRECTION('center_axis',(0.,-1.,1.11022302462516E-16));
#2918=DIRECTION('ref_axis',(-1.575128916187E-12,1.11022302462516E-16,1.));
#2919=DIRECTION('',(0.,1.,0.));
#2920=DIRECTION('',(0.,-1.,1.11022302462516E-16));
#2921=DIRECTION('center_axis',(1.,0.,0.));
#2922=DIRECTION('ref_axis',(0.,0.707106781186547,-0.707106781186548));
#2923=DIRECTION('center_axis',(-1.,0.,0.));
#2924=DIRECTION('ref_axis',(0.,1.,0.));
#2925=DIRECTION('center_axis',(0.707106781186545,-0.70710678118655,0.));
#2926=DIRECTION('ref_axis',(0.70710678118655,0.707106781186545,4.36136794078825E-17));
#2927=DIRECTION('',(-1.,0.,0.));
#2928=DIRECTION('center_axis',(0.707106781186548,0.707106781186548,0.));
#2929=DIRECTION('ref_axis',(-0.707106781186548,0.707106781186548,0.));
#2930=DIRECTION('center_axis',(0.,1.,0.));
#2931=DIRECTION('ref_axis',(-0.707106781186544,0.,-0.707106781186551));
#2932=DIRECTION('',(0.,-1.,0.));
#2933=DIRECTION('',(0.,-1.,0.));
#2934=DIRECTION('center_axis',(0.707106797979365,0.,0.70710676439373));
#2935=DIRECTION('ref_axis',(-0.499999988125684,0.70710678118655,0.500000011874313));
#2936=DIRECTION('',(0.707106797979365,0.,0.70710676439373));
#2937=DIRECTION('center_axis',(-0.707106797979365,0.,-0.70710676439373));
#2938=DIRECTION('ref_axis',(-0.70710676439373,0.,0.707106797979365));
#2939=DIRECTION('center_axis',(0.,-1.,1.11022302462516E-16));
#2940=DIRECTION('ref_axis',(1.,0.,-2.71926214689411E-32));
#2941=DIRECTION('',(0.,-1.,1.11022302462516E-16));
#2942=DIRECTION('',(0.,-1.,1.11022302462516E-16));
#2943=DIRECTION('center_axis',(0.,-1.,1.11022302462516E-16));
#2944=DIRECTION('ref_axis',(-1.578598363139E-12,-1.11022302462516E-16,-1.));
#2945=DIRECTION('',(0.,-1.,1.11022302462516E-16));
#2946=DIRECTION('',(0.,-1.,1.11022302462516E-16));
#2947=DIRECTION('center_axis',(0.,-0.832050294337844,0.554700196225229));
#2948=DIRECTION('ref_axis',(-0.707106781186551,-0.392232270276364,-0.58834840541455));
#2949=DIRECTION('center_axis',(0.,0.,1.));
#2950=DIRECTION('ref_axis',(6.8426769957038E-17,-1.,0.));
#2951=DIRECTION('',(0.,0.832050294337844,-0.554700196225229));
#2952=DIRECTION('center_axis',(0.,-0.832050294337844,0.554700196225229));
#2953=DIRECTION('ref_axis',(-1.,0.,0.));
#2954=DIRECTION('',(0.,-0.832050294337844,0.554700196225229));
#2955=DIRECTION('center_axis',(0.,0.,-1.));
#2956=DIRECTION('ref_axis',(-0.70710678118655,0.707106781186545,0.));
#2957=DIRECTION('',(0.,0.,-1.));
#2958=DIRECTION('center_axis',(0.,0.,1.));
#2959=DIRECTION('ref_axis',(0.,1.,0.));
#2960=DIRECTION('',(0.,0.,1.));
#2961=DIRECTION('center_axis',(0.552800570123856,-0.246161985402734,-0.796125496773796));
#2962=DIRECTION('ref_axis',(-0.727277611219233,0.323856577565707,-0.605131550480284));
#2963=DIRECTION('center_axis',(-1.,0.,0.));
#2964=DIRECTION('ref_axis',(0.,0.471857925532027,-0.881674598767943));
#2965=DIRECTION('center_axis',(0.,0.554700196225229,0.832050294337844));
#2966=DIRECTION('ref_axis',(0.,-0.832050294337844,0.554700196225229));
#2967=DIRECTION('',(-1.,0.,0.));
#2968=DIRECTION('',(0.,0.832050294337844,-0.554700196225229));
#2969=DIRECTION('',(1.,0.,0.));
#2970=DIRECTION('center_axis',(1.,0.,0.));
#2971=DIRECTION('ref_axis',(0.,0.471857925532028,-0.881674598767942));
#2972=DIRECTION('',(1.,0.,0.));
#2973=DIRECTION('center_axis',(1.,0.,0.));
#2974=DIRECTION('ref_axis',(0.,0.471857925532027,-0.881674598767943));
#2975=DIRECTION('center_axis',(0.,1.,0.));
#2976=DIRECTION('ref_axis',(1.,0.,0.));
#2977=DIRECTION('',(0.,0.,1.));
#2978=DIRECTION('center_axis',(0.,0.,-1.));
#2979=DIRECTION('ref_axis',(0.70710678118655,0.707106781186545,0.));
#2980=DIRECTION('',(0.,0.,-1.));
#2981=DIRECTION('center_axis',(0.,0.,1.));
#2982=DIRECTION('ref_axis',(1.,0.,0.));
#2983=DIRECTION('center_axis',(0.,0.832050294337844,-0.554700196225229));
#2984=DIRECTION('ref_axis',(0.707106781186552,-0.392232270276364,-0.58834840541455));
#2985=DIRECTION('center_axis',(0.,0.,1.));
#2986=DIRECTION('ref_axis',(3.4213384978519E-17,-1.,0.));
#2987=DIRECTION('center_axis',(0.,-0.832050294337844,0.554700196225228));
#2988=DIRECTION('ref_axis',(0.,-0.554700196225228,-0.832050294337844));
#2989=DIRECTION('',(0.,-0.832050294337844,0.554700196225229));
#2990=DIRECTION('center_axis',(-0.552800570123851,-0.246161985402732,-0.796125496773801));
#2991=DIRECTION('ref_axis',(0.727277611219231,0.323856577565709,-0.605131550480286));
#2992=DIRECTION('center_axis',(-1.,0.,0.));
#2993=DIRECTION('ref_axis',(0.,1.,0.));
#2994=DIRECTION('center_axis',(1.,0.,0.));
#2995=DIRECTION('ref_axis',(0.,-1.,0.));
#2996=DIRECTION('',(0.,1.,0.));
#2997=DIRECTION('center_axis',(0.,0.,-1.));
#2998=DIRECTION('ref_axis',(-1.,0.,0.));
#2999=DIRECTION('',(0.,1.,0.));
#3000=DIRECTION('center_axis',(0.707092676919311,0.,0.707120885172459));
#3001=DIRECTION('ref_axis',(-0.500009973024085,-0.707106781186543,0.499990026776996));
#3002=DIRECTION('center_axis',(-0.707092676919307,0.,-0.707120885172463));
#3003=DIRECTION('ref_axis',(0.,-1.,0.));
#3004=DIRECTION('',(-0.707092676919311,0.,-0.707120885172459));
#3005=DIRECTION('center_axis',(1.,0.,0.));
#3006=DIRECTION('ref_axis',(0.,-0.707106781186544,0.707106781186551));
#3007=DIRECTION('center_axis',(1.,0.,0.));
#3008=DIRECTION('ref_axis',(0.,0.,1.));
#3009=DIRECTION('center_axis',(-1.,0.,0.));
#3010=DIRECTION('ref_axis',(0.,-1.,0.));
#3011=DIRECTION('',(-1.,0.,0.));
#3012=DIRECTION('center_axis',(0.408248290463866,-0.408248290463859,-0.816496580927726));
#3013=DIRECTION('ref_axis',(0.577350269189626,-0.577350269189626,0.577350269189625));
#3014=DIRECTION('center_axis',(0.,0.,1.));
#3015=DIRECTION('ref_axis',(0.707106781186551,-0.707106781186544,0.));
#3016=DIRECTION('center_axis',(0.,-1.,0.));
#3017=DIRECTION('ref_axis',(0.70710678118655,0.,0.707106781186545));
#3018=DIRECTION('center_axis',(0.182148179219767,-0.879464401010946,-0.439732200505469));
#3019=DIRECTION('ref_axis',(-0.336564558959001,-0.475964670279697,0.81251580310679));
#3020=DIRECTION('center_axis',(0.,-1.,0.));
#3021=DIRECTION('ref_axis',(-0.382692646310781,0.,0.923875715916189));
#3022=DIRECTION('center_axis',(-0.707120885172459,0.,0.707092676919311));
#3023=DIRECTION('ref_axis',(0.707092676919311,0.,0.707120885172459));
#3024=DIRECTION('',(0.,-1.,0.));
#3025=DIRECTION('',(0.707092676919311,0.,0.707120885172459));
#3026=DIRECTION('center_axis',(0.,1.,0.));
#3027=DIRECTION('ref_axis',(-0.382692646310777,0.,0.923875715916191));
#3028=DIRECTION('',(0.,1.,0.));
#3029=DIRECTION('center_axis',(0.,-1.,0.));
#3030=DIRECTION('ref_axis',(-0.382692646310777,0.,0.923875715916191));
#3031=DIRECTION('center_axis',(0.,0.,1.));
#3032=DIRECTION('ref_axis',(1.,0.,0.));
#3033=DIRECTION('',(0.,-1.,0.));
#3034=DIRECTION('',(1.,0.,0.));
#3035=DIRECTION('',(0.,1.,0.));
#3036=DIRECTION('',(1.,0.,0.));
#3037=DIRECTION('center_axis',(0.,0.,1.));
#3038=DIRECTION('ref_axis',(0.70710678118655,0.707106781186545,0.));
#3039=DIRECTION('',(0.,-1.,0.));
#3040=DIRECTION('',(0.,-1.,0.));
#3041=DIRECTION('',(0.,-1.,0.));
#3042=DIRECTION('center_axis',(0.,0.,1.));
#3043=DIRECTION('ref_axis',(0.707106781186553,-0.707106781186542,0.));
#3044=DIRECTION('',(-1.,0.,0.));
#3045=DIRECTION('',(-1.,0.,0.));
#3046=DIRECTION('',(-1.,0.,0.));
#3047=DIRECTION('center_axis',(0.408248290463866,0.408248290463859,-0.816496580927726));
#3048=DIRECTION('ref_axis',(0.577350269189627,0.577350269189624,0.577350269189626));
#3049=DIRECTION('center_axis',(1.,0.,0.));
#3050=DIRECTION('ref_axis',(0.,1.,0.));
#3051=DIRECTION('center_axis',(0.,1.,0.));
#3052=DIRECTION('ref_axis',(0.70710678118655,0.,0.707106781186545));
#3053=DIRECTION('center_axis',(0.,0.,1.));
#3054=DIRECTION('ref_axis',(0.70710678118655,0.707106781186546,0.));
#3055=DIRECTION('center_axis',(-1.,0.,0.));
#3056=DIRECTION('ref_axis',(0.,0.707106781186547,0.707106781186548));
#3057=DIRECTION('center_axis',(1.,0.,0.));
#3058=DIRECTION('ref_axis',(0.,1.,0.));
#3059=DIRECTION('center_axis',(-0.182143205807077,-0.879465225044547,0.439732612522274));
#3060=DIRECTION('ref_axis',(-0.336556761317664,0.475963147667279,0.812519924970472));
#3061=DIRECTION('center_axis',(0.,1.,0.));
#3062=DIRECTION('ref_axis',(-0.38268342139465,0.,0.923879537055391));
#3063=DIRECTION('center_axis',(0.,0.,-1.));
#3064=DIRECTION('ref_axis',(0.707106781186553,-0.707106781186542,0.));
#3065=DIRECTION('center_axis',(0.,0.,1.));
#3066=DIRECTION('ref_axis',(0.707106781186553,-0.707106781186542,0.));
#3067=DIRECTION('',(0.,0.,1.));
#3068=DIRECTION('',(0.,0.,-1.));
#3069=DIRECTION('center_axis',(0.,1.,0.));
#3070=DIRECTION('ref_axis',(-1.,0.,0.));
#3071=DIRECTION('',(1.,0.,0.));
#3072=DIRECTION('',(0.,0.,-1.));
#3073=DIRECTION('',(0.,0.,-1.));
#3074=DIRECTION('',(1.,0.,0.));
#3075=DIRECTION('',(0.,0.,1.));
#3076=DIRECTION('',(0.,0.,-1.));
#3077=DIRECTION('',(1.,0.,0.));
#3078=DIRECTION('',(0.,0.,1.));
#3079=DIRECTION('',(0.,0.,-1.));
#3080=DIRECTION('',(1.,0.,0.));
#3081=DIRECTION('',(0.,0.,1.));
#3082=DIRECTION('center_axis',(0.,0.,-1.));
#3083=DIRECTION('ref_axis',(0.70710678118655,0.707106781186545,0.));
#3084=DIRECTION('center_axis',(0.,0.,1.));
#3085=DIRECTION('ref_axis',(0.70710678118655,0.707106781186545,0.));
#3086=DIRECTION('',(0.,0.,1.));
#3087=DIRECTION('center_axis',(0.,0.,-1.));
#3088=DIRECTION('ref_axis',(-1.,0.,0.));
#3089=DIRECTION('',(0.,1.,0.));
#3090=DIRECTION('center_axis',(0.,0.,1.));
#3091=DIRECTION('ref_axis',(-0.70710678118655,0.707106781186545,0.));
#3092=DIRECTION('',(0.,-1.,0.));
#3093=DIRECTION('center_axis',(0.,0.,1.));
#3094=DIRECTION('ref_axis',(-0.707106781186542,-0.707106781186553,0.));
#3095=DIRECTION('center_axis',(0.,0.,1.));
#3096=DIRECTION('ref_axis',(1.,0.,0.));
#3097=DIRECTION('center_axis',(0.,0.,1.));
#3098=DIRECTION('ref_axis',(1.,0.,0.));
#3099=DIRECTION('center_axis',(0.,0.,1.));
#3100=DIRECTION('ref_axis',(1.,0.,0.));
#3101=DIRECTION('center_axis',(0.,0.,1.));
#3102=DIRECTION('ref_axis',(1.,0.,0.));
#3103=DIRECTION('center_axis',(1.,0.,0.));
#3104=DIRECTION('ref_axis',(0.,0.923879532511288,-0.382683432365087));
#3105=DIRECTION('',(-1.,0.,0.));
#3106=DIRECTION('center_axis',(-0.707106781186535,0.,0.70710678118656));
#3107=DIRECTION('ref_axis',(-0.70710678118656,0.,-0.707106781186535));
#3108=DIRECTION('',(1.,0.,0.));
#3109=DIRECTION('center_axis',(-0.707106781186536,0.,-0.707106781186559));
#3110=DIRECTION('ref_axis',(0.707106781186559,0.,-0.707106781186536));
#3111=DIRECTION('center_axis',(0.,0.,-1.));
#3112=DIRECTION('ref_axis',(-0.38268343236507,0.923879532511295,0.));
#3113=DIRECTION('',(0.,0.,1.));
#3114=DIRECTION('center_axis',(0.707106781186536,0.,0.707106781186559));
#3115=DIRECTION('ref_axis',(-0.707106781186559,0.,0.707106781186536));
#3116=DIRECTION('',(0.,0.,-1.));
#3117=DIRECTION('center_axis',(-1.,0.,0.));
#3118=DIRECTION('ref_axis',(0.,0.923879532511288,0.382683432365088));
#3119=DIRECTION('',(1.,0.,0.));
#3120=DIRECTION('center_axis',(0.707106781186536,0.,-0.707106781186559));
#3121=DIRECTION('ref_axis',(0.707106781186559,0.,0.707106781186536));
#3122=DIRECTION('',(-1.,0.,0.));
#3123=DIRECTION('center_axis',(0.,0.,1.));
#3124=DIRECTION('ref_axis',(0.38268343236507,0.923879532511295,0.));
#3125=DIRECTION('',(0.,0.,1.));
#3126=DIRECTION('',(0.,0.,-1.));
#3127=DIRECTION('center_axis',(0.707106781186541,0.707106781186554,0.));
#3128=DIRECTION('ref_axis',(0.,0.,-1.));
#3129=DIRECTION('',(-0.577350269189633,0.577350269189622,0.577350269189622));
#3130=DIRECTION('',(-0.577350269189633,0.577350269189622,-0.577350269189622));
#3131=DIRECTION('center_axis',(0.,0.707106781186548,-0.707106781186548));
#3132=DIRECTION('ref_axis',(-1.,0.,0.));
#3133=DIRECTION('',(0.577350269189633,0.577350269189622,0.577350269189622));
#3134=DIRECTION('center_axis',(0.,-1.,0.));
#3135=DIRECTION('ref_axis',(1.,0.,0.));
#3136=DIRECTION('center_axis',(0.,0.707106781186548,0.707106781186548));
#3137=DIRECTION('ref_axis',(1.,0.,0.));
#3138=DIRECTION('',(0.577350269189633,0.577350269189622,-0.577350269189622));
#3139=DIRECTION('center_axis',(-0.707106781186541,0.707106781186554,0.));
#3140=DIRECTION('ref_axis',(0.,0.,1.));
#3141=DIRECTION('center_axis',(0.,0.,-1.));
#3142=DIRECTION('ref_axis',(0.923879532511291,0.38268343236508,0.));
#3143=DIRECTION('',(0.,0.,1.));
#3144=DIRECTION('center_axis',(0.,-0.707106781186549,0.707106781186546));
#3145=DIRECTION('ref_axis',(0.,0.707106781186546,0.707106781186549));
#3146=DIRECTION('',(0.,0.,-1.));
#3147=DIRECTION('center_axis',(0.,0.70710678118655,0.707106781186545));
#3148=DIRECTION('ref_axis',(0.,0.707106781186545,-0.70710678118655));
#3149=DIRECTION('center_axis',(0.,1.,0.));
#3150=DIRECTION('ref_axis',(0.923879532511291,0.,0.382683432365081));
#3151=DIRECTION('',(0.,-1.,0.));
#3152=DIRECTION('center_axis',(0.,-0.70710678118655,-0.707106781186545));
#3153=DIRECTION('ref_axis',(0.,-0.707106781186545,0.70710678118655));
#3154=DIRECTION('',(0.,1.,0.));
#3155=DIRECTION('center_axis',(0.,0.,1.));
#3156=DIRECTION('ref_axis',(0.923879532511291,-0.38268343236508,0.));
#3157=DIRECTION('',(0.,0.,-1.));
#3158=DIRECTION('center_axis',(0.,0.707106781186549,-0.707106781186546));
#3159=DIRECTION('ref_axis',(0.,-0.707106781186546,-0.707106781186549));
#3160=DIRECTION('',(0.,0.,1.));
#3161=DIRECTION('center_axis',(0.,-1.,0.));
#3162=DIRECTION('ref_axis',(0.923879532511291,0.,-0.38268343236508));
#3163=DIRECTION('',(0.,-1.,0.));
#3164=DIRECTION('',(0.,1.,0.));
#3165=DIRECTION('center_axis',(0.707106781186548,0.,-0.707106781186548));
#3166=DIRECTION('ref_axis',(0.,1.,0.));
#3167=DIRECTION('',(0.577350269189626,-0.577350269189626,0.577350269189626));
#3168=DIRECTION('',(0.,1.,0.));
#3169=DIRECTION('',(0.577350269189626,0.577350269189626,0.577350269189626));
#3170=DIRECTION('center_axis',(0.707106781186548,0.707106781186548,0.));
#3171=DIRECTION('ref_axis',(0.,0.,1.));
#3172=DIRECTION('',(0.577350269189626,-0.577350269189626,-0.577350269189626));
#3173=DIRECTION('',(0.,0.,1.));
#3174=DIRECTION('center_axis',(-1.,0.,0.));
#3175=DIRECTION('ref_axis',(0.,-1.,0.));
#3176=DIRECTION('center_axis',(0.707106781186548,-0.707106781186548,0.));
#3177=DIRECTION('ref_axis',(0.,0.,-1.));
#3178=DIRECTION('',(0.,0.,-1.));
#3179=DIRECTION('',(0.577350269189626,0.577350269189626,-0.577350269189626));
#3180=DIRECTION('center_axis',(0.707106781186548,0.,0.707106781186548));
#3181=DIRECTION('ref_axis',(0.,-1.,0.));
#3182=DIRECTION('center_axis',(-1.,0.,0.));
#3183=DIRECTION('ref_axis',(0.,-1.,0.));
#3184=DIRECTION('center_axis',(0.,0.,-1.));
#3185=DIRECTION('ref_axis',(0.382683432365103,-0.923879532511281,0.));
#3186=DIRECTION('',(0.,0.,1.));
#3187=DIRECTION('center_axis',(-0.707106781186546,0.,0.707106781186549));
#3188=DIRECTION('ref_axis',(0.707106781186549,0.,0.707106781186546));
#3189=DIRECTION('',(0.,0.,-1.));
#3190=DIRECTION('center_axis',(0.707106781186546,0.,0.707106781186549));
#3191=DIRECTION('ref_axis',(0.707106781186549,0.,-0.707106781186546));
#3192=DIRECTION('center_axis',(1.,0.,0.));
#3193=DIRECTION('ref_axis',(0.,-0.923879532511288,0.382683432365088));
#3194=DIRECTION('',(-1.,0.,0.));
#3195=DIRECTION('center_axis',(-0.707106781186547,0.,-0.707106781186548));
#3196=DIRECTION('ref_axis',(-0.707106781186548,0.,0.707106781186547));
#3197=DIRECTION('',(1.,0.,0.));
#3198=DIRECTION('center_axis',(0.,0.,1.));
#3199=DIRECTION('ref_axis',(-0.382683432365103,-0.923879532511281,0.));
#3200=DIRECTION('',(0.,0.,-1.));
#3201=DIRECTION('center_axis',(0.707106781186546,0.,-0.707106781186549));
#3202=DIRECTION('ref_axis',(-0.707106781186549,0.,-0.707106781186546));
#3203=DIRECTION('',(0.,0.,1.));
#3204=DIRECTION('center_axis',(-1.,0.,0.));
#3205=DIRECTION('ref_axis',(0.,-0.923879532511288,-0.382683432365087));
#3206=DIRECTION('',(-1.,0.,0.));
#3207=DIRECTION('',(1.,0.,0.));
#3208=DIRECTION('center_axis',(0.,-0.707106781186548,-0.707106781186548));
#3209=DIRECTION('ref_axis',(1.,0.,0.));
#3210=DIRECTION('',(-0.577350269189626,-0.577350269189626,0.577350269189626));
#3211=DIRECTION('',(0.577350269189626,-0.577350269189626,0.577350269189626));
#3212=DIRECTION('center_axis',(0.707106781186548,-0.707106781186548,0.));
#3213=DIRECTION('ref_axis',(0.,0.,1.));
#3214=DIRECTION('',(-0.577350269189626,-0.577350269189626,-0.577350269189626));
#3215=DIRECTION('center_axis',(0.,1.,0.));
#3216=DIRECTION('ref_axis',(-1.,0.,0.));
#3217=DIRECTION('center_axis',(-0.707106781186548,-0.707106781186548,0.));
#3218=DIRECTION('ref_axis',(0.,0.,-1.));
#3219=DIRECTION('',(0.577350269189626,-0.577350269189626,-0.577350269189626));
#3220=DIRECTION('center_axis',(0.,-0.707106781186548,0.707106781186548));
#3221=DIRECTION('ref_axis',(-1.,0.,0.));
#3222=DIRECTION('center_axis',(0.,-1.,0.));
#3223=DIRECTION('ref_axis',(-0.382683421394651,0.,0.923879537055391));
#3224=DIRECTION('',(0.,-1.,0.));
#3225=DIRECTION('center_axis',(-0.70710676439373,0.,0.707106797979365));
#3226=DIRECTION('ref_axis',(-0.707106797979365,0.,-0.70710676439373));
#3227=DIRECTION('center_axis',(0.,0.,-1.));
#3228=DIRECTION('ref_axis',(1.,0.,0.));
#3229=DIRECTION('center_axis',(0.,0.,1.));
#3230=DIRECTION('ref_axis',(1.,0.,0.));
#3231=DIRECTION('center_axis',(0.,0.,1.));
#3232=DIRECTION('ref_axis',(-1.,0.,0.));
#3233=DIRECTION('center_axis',(0.,0.,-1.));
#3234=DIRECTION('ref_axis',(1.,0.,0.));
#3235=DIRECTION('',(0.,0.,1.));
#3236=DIRECTION('center_axis',(0.,0.,-1.));
#3237=DIRECTION('ref_axis',(1.,0.,0.));
#3238=DIRECTION('center_axis',(0.,0.,1.));
#3239=DIRECTION('ref_axis',(1.,0.,0.));
#3240=DIRECTION('center_axis',(0.,0.,1.));
#3241=DIRECTION('ref_axis',(-1.,0.,0.));
#3242=DIRECTION('center_axis',(0.,0.,-1.));
#3243=DIRECTION('ref_axis',(1.,0.,0.));
#3244=DIRECTION('',(0.,0.,1.));
#3245=DIRECTION('center_axis',(0.,0.,1.));
#3246=DIRECTION('ref_axis',(-1.,0.,0.));
#3247=DIRECTION('center_axis',(0.,0.,-1.));
#3248=DIRECTION('ref_axis',(-1.,0.,0.));
#3249=DIRECTION('center_axis',(0.,0.,-1.));
#3250=DIRECTION('ref_axis',(-1.,0.,0.));
#3251=DIRECTION('',(0.,0.,1.));
#3252=DIRECTION('center_axis',(0.,0.,1.));
#3253=DIRECTION('ref_axis',(-1.,0.,0.));
#3254=DIRECTION('center_axis',(0.,0.,-1.));
#3255=DIRECTION('ref_axis',(-1.,0.,0.));
#3256=DIRECTION('center_axis',(0.,0.,1.));
#3257=DIRECTION('ref_axis',(-1.,0.,0.));
#3258=DIRECTION('center_axis',(0.,0.,-1.));
#3259=DIRECTION('ref_axis',(-1.,0.,0.));
#3260=DIRECTION('center_axis',(0.,0.,-1.));
#3261=DIRECTION('ref_axis',(-1.,0.,0.));
#3262=DIRECTION('',(0.,0.,1.));
#3263=DIRECTION('center_axis',(-0.408248290463866,-0.408248290463859,-0.816496580927726));
#3264=DIRECTION('ref_axis',(0.577350269189627,0.577350269189624,-0.577350269189626));
#3265=DIRECTION('center_axis',(0.,0.,-1.));
#3266=DIRECTION('ref_axis',(0.70710678118655,0.707106781186546,0.));
#3267=DIRECTION('center_axis',(0.,-1.,0.));
#3268=DIRECTION('ref_axis',(0.,0.,-1.));
#3269=DIRECTION('center_axis',(-0.408248290463866,0.408248290463859,-0.816496580927726));
#3270=DIRECTION('ref_axis',(0.577350269189626,-0.577350269189626,-0.577350269189625));
#3271=DIRECTION('center_axis',(0.,1.,0.));
#3272=DIRECTION('ref_axis',(1.,0.,0.));
#3273=DIRECTION('center_axis',(0.,0.,-1.));
#3274=DIRECTION('ref_axis',(0.707106781186551,-0.707106781186544,0.));
#3275=DIRECTION('center_axis',(0.,1.,0.));
#3276=DIRECTION('ref_axis',(0.70710678118655,0.,-0.707106781186545));
#3277=DIRECTION('',(0.,-1.,0.));
#3278=DIRECTION('center_axis',(1.,-3.01898744547305E-48,-2.71926214689372E-32));
#3279=DIRECTION('ref_axis',(2.71926214689372E-32,1.110223024625E-16,1.));
#3280=DIRECTION('center_axis',(-2.262055770779E-14,-1.11022302462516E-16,
-1.));
#3281=DIRECTION('ref_axis',(1.,-2.44929359829502E-16,-2.262055770779E-14));
#3282=DIRECTION('center_axis',(2.71926214689411E-32,1.11022302462516E-16,
1.));
#3283=DIRECTION('ref_axis',(-1.,2.449293598295E-16,0.));
#3284=DIRECTION('center_axis',(-1.,3.01898744547305E-48,2.71926214689372E-32));
#3285=DIRECTION('ref_axis',(-2.71926214689372E-32,-1.110223024625E-16,-1.));
#3286=DIRECTION('center_axis',(0.707106781186548,-0.707106781186548,0.));
#3287=DIRECTION('ref_axis',(0.,0.,1.));
#3288=DIRECTION('',(0.,0.,-1.));
#3289=DIRECTION('',(-0.577350269189626,-0.577350269189626,-0.577350269189626));
#3290=DIRECTION('',(-0.577350269189626,-0.577350269189626,0.577350269189626));
#3291=DIRECTION('center_axis',(0.,-0.707106781186548,0.707106781186548));
#3292=DIRECTION('ref_axis',(-1.,0.,0.));
#3293=DIRECTION('',(1.,0.,0.));
#3294=DIRECTION('',(0.577350269189626,-0.577350269189626,-0.577350269189626));
#3295=DIRECTION('center_axis',(0.,-0.707106781186548,0.707106781186548));
#3296=DIRECTION('ref_axis',(-1.,0.,0.));
#3297=DIRECTION('',(1.,0.,0.));
#3298=DIRECTION('',(0.577350269189626,-0.577350269189626,-0.577350269189626));
#3299=DIRECTION('',(-0.577350269189626,-0.577350269189626,-0.577350269189626));
#3300=DIRECTION('center_axis',(-0.707106781186548,-0.707106781186548,0.));
#3301=DIRECTION('ref_axis',(0.,0.,-1.));
#3302=DIRECTION('',(0.,0.,1.));
#3303=DIRECTION('',(0.577350269189626,-0.577350269189626,0.577350269189626));
#3304=DIRECTION('center_axis',(0.,1.,0.));
#3305=DIRECTION('ref_axis',(-1.,0.,0.));
#3306=DIRECTION('',(1.,0.,0.));
#3307=DIRECTION('',(0.,0.,-1.));
#3308=DIRECTION('',(-1.,0.,0.));
#3309=DIRECTION('',(0.,0.,1.));
#3310=DIRECTION('center_axis',(0.,-0.707106781186548,-0.707106781186548));
#3311=DIRECTION('ref_axis',(1.,0.,0.));
#3312=DIRECTION('',(-1.,0.,0.));
#3313=DIRECTION('',(0.577350269189626,-0.577350269189626,0.577350269189626));
#3314=DIRECTION('center_axis',(-0.707106781186548,-0.707106781186548,0.));
#3315=DIRECTION('ref_axis',(0.,0.,-1.));
#3316=DIRECTION('',(0.,0.,1.));
#3317=DIRECTION('center_axis',(0.,0.,1.));
#3318=DIRECTION('ref_axis',(-0.382683432365087,-0.923879532511288,0.));
#3319=DIRECTION('center_axis',(-0.707106781186545,0.,-0.70710678118655));
#3320=DIRECTION('ref_axis',(-0.70710678118655,0.,0.707106781186545));
#3321=DIRECTION('center_axis',(0.707106781186545,0.,-0.70710678118655));
#3322=DIRECTION('ref_axis',(-0.70710678118655,0.,-0.707106781186545));
#3323=DIRECTION('center_axis',(1.,0.,0.));
#3324=DIRECTION('ref_axis',(0.,-0.923879532511288,0.382683432365087));
#3325=DIRECTION('center_axis',(-0.707106781186545,0.,0.70710678118655));
#3326=DIRECTION('ref_axis',(0.70710678118655,0.,0.707106781186545));
#3327=DIRECTION('center_axis',(0.,0.,-1.));
#3328=DIRECTION('ref_axis',(0.382683432365087,-0.923879532511288,0.));
#3329=DIRECTION('center_axis',(0.707106781186545,0.,0.70710678118655));
#3330=DIRECTION('ref_axis',(0.70710678118655,0.,-0.707106781186545));
#3331=DIRECTION('center_axis',(-1.,0.,0.));
#3332=DIRECTION('ref_axis',(0.,-0.923879532511288,-0.382683432365087));
#3333=DIRECTION('center_axis',(0.,1.,0.));
#3334=DIRECTION('ref_axis',(-1.,0.,0.));
#3335=DIRECTION('',(0.,0.,1.));
#3336=DIRECTION('',(1.,0.,0.));
#3337=DIRECTION('',(0.,0.,-1.));
#3338=DIRECTION('',(-1.,0.,0.));
#3339=DIRECTION('center_axis',(0.707106781186548,-0.707106781186548,0.));
#3340=DIRECTION('ref_axis',(0.,0.,1.));
#3341=DIRECTION('',(0.,0.,-1.));
#3342=DIRECTION('',(-0.577350269189626,-0.577350269189626,0.577350269189626));
#3343=DIRECTION('center_axis',(0.,-0.707106781186548,-0.707106781186548));
#3344=DIRECTION('ref_axis',(1.,0.,0.));
#3345=DIRECTION('',(-1.,0.,0.));
#3346=DIRECTION('center_axis',(-1.,0.,0.));
#3347=DIRECTION('ref_axis',(0.,-0.923879532511288,-0.382683432365087));
#3348=DIRECTION('center_axis',(0.707106781186545,0.,-0.70710678118655));
#3349=DIRECTION('ref_axis',(-0.70710678118655,0.,-0.707106781186545));
#3350=DIRECTION('center_axis',(0.707106781186546,0.,0.707106781186549));
#3351=DIRECTION('ref_axis',(0.707106781186549,0.,-0.707106781186546));
#3352=DIRECTION('center_axis',(0.,0.,1.));
#3353=DIRECTION('ref_axis',(-0.382683432365087,-0.923879532511288,0.));
#3354=DIRECTION('center_axis',(-0.707106781186545,0.,-0.70710678118655));
#3355=DIRECTION('ref_axis',(-0.70710678118655,0.,0.707106781186545));
#3356=DIRECTION('center_axis',(1.,0.,0.));
#3357=DIRECTION('ref_axis',(0.,-0.923879532511288,0.382683432365087));
#3358=DIRECTION('center_axis',(-0.707106781186546,0.,0.707106781186549));
#3359=DIRECTION('ref_axis',(0.707106781186549,0.,0.707106781186546));
#3360=DIRECTION('center_axis',(0.,0.,-1.));
#3361=DIRECTION('ref_axis',(0.382683432365103,-0.923879532511281,0.));
#3362=DIRECTION('center_axis',(-0.707106781186548,0.,0.707106781186548));
#3363=DIRECTION('ref_axis',(0.,1.,0.));
#3364=DIRECTION('',(0.,-1.,0.));
#3365=DIRECTION('',(-0.577350269189626,-0.577350269189626,-0.577350269189626));
#3366=DIRECTION('',(-0.577350269189626,0.577350269189626,-0.577350269189626));
#3367=DIRECTION('center_axis',(-0.707106781186548,0.707106781186548,0.));
#3368=DIRECTION('ref_axis',(0.,0.,-1.));
#3369=DIRECTION('',(0.,0.,1.));
#3370=DIRECTION('',(-0.577350269189626,-0.577350269189626,0.577350269189626));
#3371=DIRECTION('',(0.,0.,-1.));
#3372=DIRECTION('center_axis',(1.,0.,0.));
#3373=DIRECTION('ref_axis',(0.,1.,0.));
#3374=DIRECTION('',(0.,0.,1.));
#3375=DIRECTION('',(0.,-1.,0.));
#3376=DIRECTION('',(0.,0.,-1.));
#3377=DIRECTION('',(0.,1.,0.));
#3378=DIRECTION('center_axis',(-0.707106781186548,-0.707106781186548,0.));
#3379=DIRECTION('ref_axis',(0.,0.,1.));
#3380=DIRECTION('',(0.,0.,-1.));
#3381=DIRECTION('',(0.,0.,1.));
#3382=DIRECTION('',(-0.577350269189626,0.577350269189626,0.577350269189626));
#3383=DIRECTION('center_axis',(-0.707106781186548,0.,-0.707106781186548));
#3384=DIRECTION('ref_axis',(0.,-1.,0.));
#3385=DIRECTION('',(0.,1.,0.));
#3386=DIRECTION('',(0.,-1.,0.));
#3387=DIRECTION('center_axis',(0.,1.,0.));
#3388=DIRECTION('ref_axis',(-0.923879532511288,0.,-0.382683432365087));
#3389=DIRECTION('center_axis',(0.,-0.707106781186545,-0.70710678118655));
#3390=DIRECTION('ref_axis',(0.,0.70710678118655,-0.707106781186545));
#3391=DIRECTION('center_axis',(0.,-0.707106781186545,0.70710678118655));
#3392=DIRECTION('ref_axis',(0.,-0.70710678118655,-0.707106781186545));
#3393=DIRECTION('center_axis',(0.,0.,1.));
#3394=DIRECTION('ref_axis',(-0.923879532511288,0.382683432365087,0.));
#3395=DIRECTION('center_axis',(0.,0.707106781186545,-0.70710678118655));
#3396=DIRECTION('ref_axis',(0.,0.70710678118655,0.707106781186545));
#3397=DIRECTION('center_axis',(0.,-1.,0.));
#3398=DIRECTION('ref_axis',(-0.923879532511288,0.,0.382683432365087));
#3399=DIRECTION('center_axis',(0.,0.707106781186545,0.70710678118655));
#3400=DIRECTION('ref_axis',(0.,-0.70710678118655,0.707106781186545));
#3401=DIRECTION('center_axis',(0.,0.,-1.));
#3402=DIRECTION('ref_axis',(-0.923879532511288,-0.382683432365087,0.));
#3403=DIRECTION('center_axis',(0.,0.,-1.));
#3404=DIRECTION('ref_axis',(1.,0.,0.));
#3405=DIRECTION('',(0.,0.,1.));
#3406=DIRECTION('center_axis',(0.,0.,1.));
#3407=DIRECTION('ref_axis',(1.,0.,0.));
#3408=DIRECTION('center_axis',(0.,0.,-1.));
#3409=DIRECTION('ref_axis',(1.,0.,0.));
#3410=DIRECTION('center_axis',(0.,0.,1.));
#3411=DIRECTION('ref_axis',(-1.,0.,0.));
#3412=DIRECTION('center_axis',(0.,0.,-1.));
#3413=DIRECTION('ref_axis',(-1.,0.,0.));
#3414=DIRECTION('',(0.,0.,1.));
#3415=DIRECTION('center_axis',(0.,0.,-1.));
#3416=DIRECTION('ref_axis',(-1.,0.,0.));
#3417=DIRECTION('center_axis',(0.,0.,1.));
#3418=DIRECTION('ref_axis',(-1.,0.,0.));
#3419=DIRECTION('center_axis',(-0.707106781186548,-0.707106781186548,0.));
#3420=DIRECTION('ref_axis',(0.,0.,1.));
#3421=DIRECTION('',(0.,0.,-1.));
#3422=DIRECTION('',(-0.577350269189626,0.577350269189626,0.577350269189626));
#3423=DIRECTION('',(-0.577350269189626,0.577350269189626,-0.577350269189626));
#3424=DIRECTION('center_axis',(0.,-0.707106781186548,-0.707106781186548));
#3425=DIRECTION('ref_axis',(-1.,0.,0.));
#3426=DIRECTION('',(1.,0.,0.));
#3427=DIRECTION('',(0.577350269189626,0.577350269189626,-0.577350269189626));
#3428=DIRECTION('center_axis',(0.,1.,0.));
#3429=DIRECTION('ref_axis',(-1.,0.,0.));
#3430=DIRECTION('',(1.,0.,0.));
#3431=DIRECTION('',(0.,0.,1.));
#3432=DIRECTION('',(-1.,0.,0.));
#3433=DIRECTION('',(0.,0.,-1.));
#3434=DIRECTION('center_axis',(0.,-0.707106781186548,0.707106781186548));
#3435=DIRECTION('ref_axis',(1.,0.,0.));
#3436=DIRECTION('',(-1.,0.,0.));
#3437=DIRECTION('',(0.577350269189626,0.577350269189626,0.577350269189626));
#3438=DIRECTION('center_axis',(0.707106781186548,-0.707106781186548,0.));
#3439=DIRECTION('ref_axis',(0.,0.,-1.));
#3440=DIRECTION('',(0.,0.,1.));
#3441=DIRECTION('center_axis',(0.,0.,-1.));
#3442=DIRECTION('ref_axis',(-0.382683432365087,0.923879532511288,0.));
#3443=DIRECTION('center_axis',(-0.707106781186545,0.,0.70710678118655));
#3444=DIRECTION('ref_axis',(-0.70710678118655,0.,-0.707106781186545));
#3445=DIRECTION('center_axis',(0.707106781186545,0.,0.70710678118655));
#3446=DIRECTION('ref_axis',(-0.70710678118655,0.,0.707106781186545));
#3447=DIRECTION('center_axis',(-1.,0.,0.));
#3448=DIRECTION('ref_axis',(0.,0.923879532511288,0.382683432365087));
#3449=DIRECTION('center_axis',(0.707106781186545,0.,-0.70710678118655));
#3450=DIRECTION('ref_axis',(0.70710678118655,0.,0.707106781186545));
#3451=DIRECTION('center_axis',(0.,0.,1.));
#3452=DIRECTION('ref_axis',(0.382683432365087,0.923879532511288,0.));
#3453=DIRECTION('center_axis',(-0.707106781186545,0.,-0.70710678118655));
#3454=DIRECTION('ref_axis',(0.70710678118655,0.,-0.707106781186545));
#3455=DIRECTION('center_axis',(1.,0.,0.));
#3456=DIRECTION('ref_axis',(0.,0.923879532511288,-0.382683432365087));
#3457=DIRECTION('center_axis',(0.,0.,-1.));
#3458=DIRECTION('ref_axis',(1.,0.,0.));
#3459=DIRECTION('',(0.,0.,1.));
#3460=DIRECTION('center_axis',(0.,0.,1.));
#3461=DIRECTION('ref_axis',(1.,0.,0.));
#3462=DIRECTION('center_axis',(0.,0.,-1.));
#3463=DIRECTION('ref_axis',(1.,0.,0.));
#3464=DIRECTION('center_axis',(0.,0.,1.));
#3465=DIRECTION('ref_axis',(-1.,0.,0.));
#3466=DIRECTION('center_axis',(0.,0.,-1.));
#3467=DIRECTION('ref_axis',(-1.,0.,0.));
#3468=DIRECTION('',(0.,0.,1.));
#3469=DIRECTION('center_axis',(0.,-0.707106781186548,-0.707106781186548));
#3470=DIRECTION('ref_axis',(-1.,0.,0.));
#3471=DIRECTION('',(0.577350269189626,0.577350269189626,-0.577350269189626));
#3472=DIRECTION('',(1.,0.,0.));
#3473=DIRECTION('',(-0.577350269189626,0.577350269189626,-0.577350269189626));
#3474=DIRECTION('center_axis',(0.707106781186548,-0.707106781186548,0.));
#3475=DIRECTION('ref_axis',(0.,0.,-1.));
#3476=DIRECTION('',(0.,0.,1.));
#3477=DIRECTION('center_axis',(0.,1.,0.));
#3478=DIRECTION('ref_axis',(-1.,0.,0.));
#3479=DIRECTION('',(0.,0.,1.));
#3480=DIRECTION('',(-1.,0.,0.));
#3481=DIRECTION('',(0.,0.,-1.));
#3482=DIRECTION('',(1.,0.,0.));
#3483=DIRECTION('center_axis',(-0.707106781186548,-0.707106781186548,0.));
#3484=DIRECTION('ref_axis',(0.,0.,1.));
#3485=DIRECTION('',(0.,0.,-1.));
#3486=DIRECTION('center_axis',(1.,0.,0.));
#3487=DIRECTION('ref_axis',(0.,0.923879532511288,-0.382683432365087));
#3488=DIRECTION('center_axis',(-0.707106781186546,0.,-0.707106781186549));
#3489=DIRECTION('ref_axis',(0.707106781186549,0.,-0.707106781186546));
#3490=DIRECTION('center_axis',(-0.707106781186545,0.,0.70710678118655));
#3491=DIRECTION('ref_axis',(-0.70710678118655,0.,-0.707106781186545));
#3492=DIRECTION('center_axis',(0.,0.,-1.));
#3493=DIRECTION('ref_axis',(-0.382683432365087,0.923879532511288,0.));
#3494=DIRECTION('center_axis',(0.707106781186545,0.,0.70710678118655));
#3495=DIRECTION('ref_axis',(-0.70710678118655,0.,0.707106781186545));
#3496=DIRECTION('center_axis',(-1.,0.,0.));
#3497=DIRECTION('ref_axis',(0.,0.923879532511288,0.382683432365087));
#3498=DIRECTION('center_axis',(0.707106781186546,0.,-0.707106781186549));
#3499=DIRECTION('ref_axis',(0.707106781186549,0.,0.707106781186546));
#3500=DIRECTION('center_axis',(0.,0.,1.));
#3501=DIRECTION('ref_axis',(0.382683432365103,0.923879532511281,0.));
#3502=DIRECTION('center_axis',(0.,0.,1.));
#3503=DIRECTION('ref_axis',(-0.70710678118655,0.707106781186545,0.));
#3504=DIRECTION('',(0.,0.,-1.));
#3505=DIRECTION('center_axis',(1.,0.,0.));
#3506=DIRECTION('ref_axis',(0.,1.,0.));
#3507=DIRECTION('',(0.,0.,1.));
#3508=DIRECTION('center_axis',(0.,0.,1.));
#3509=DIRECTION('ref_axis',(-0.707106781186542,-0.707106781186553,0.));
#3510=DIRECTION('center_axis',(1.,0.,0.));
#3511=DIRECTION('ref_axis',(0.,0.,-1.));
#3512=DIRECTION('',(0.,1.,0.));
#3513=DIRECTION('',(0.,0.,1.));
#3514=DIRECTION('',(0.,0.,-1.));
#3515=DIRECTION('center_axis',(0.,-1.,0.));
#3516=DIRECTION('ref_axis',(0.70710678118655,0.,0.707106781186545));
#3517=DIRECTION('center_axis',(0.,0.,-1.));
#3518=DIRECTION('ref_axis',(0.707106781186553,-0.707106781186542,0.));
#3519=DIRECTION('center_axis',(0.,0.,1.));
#3520=DIRECTION('ref_axis',(0.70710678118655,0.707106781186545,0.));
#3521=CARTESIAN_POINT('',(0.,0.,0.));
#3522=CARTESIAN_POINT('Origin',(94.4500000000006,-51.4500000000006,0.));
#3523=CARTESIAN_POINT('',(92.2000000000006,-51.4500000000006,4.068));
#3524=CARTESIAN_POINT('',(94.4500000000006,-49.2000000000006,4.068));
#3525=CARTESIAN_POINT('Origin',(94.4500000000006,-51.4500000000006,4.068));
#3526=CARTESIAN_POINT('',(94.4500000000006,-49.2000000000006,-4.25));
#3527=CARTESIAN_POINT('',(94.4500000000006,-49.2000000000006,0.));
#3528=CARTESIAN_POINT('',(92.2000000000006,-51.4500000000006,-4.25));
#3529=CARTESIAN_POINT('Origin',(94.4500000000006,-51.4500000000006,-4.25));
#3530=CARTESIAN_POINT('',(92.2000000000006,-51.4500000000006,0.));
#3531=CARTESIAN_POINT('Origin',(94.4500000000006,-51.4500000000006,-4.25));
#3532=CARTESIAN_POINT('',(94.4500000000006,-51.4500000000006,-6.5));
#3533=CARTESIAN_POINT('Origin',(94.4500000000006,-51.4500000000006,-4.25));
#3534=CARTESIAN_POINT('Origin',(94.4500000000006,-51.4500000000006,-4.25));
#3535=CARTESIAN_POINT('Origin',(94.4500000000006,-104.875000000001,4.068));
#3536=CARTESIAN_POINT('',(94.4500000000006,-51.4500000000006,6.318));
#3537=CARTESIAN_POINT('Origin',(94.4500000000006,-51.4500000000006,4.068));
#3538=CARTESIAN_POINT('',(92.2000000000006,-123.050000000001,4.068));
#3539=CARTESIAN_POINT('',(92.2000000000006,-104.875000000001,4.068));
#3540=CARTESIAN_POINT('',(94.4500000000006,-123.050000000001,6.318));
#3541=CARTESIAN_POINT('Origin',(94.4500000000006,-123.050000000001,4.068));
#3542=CARTESIAN_POINT('',(94.4500000000006,-104.875000000001,6.318));
#3543=CARTESIAN_POINT('Origin',(94.4500000000006,-123.050000000001,-4.25));
#3544=CARTESIAN_POINT('',(94.4500000000006,-125.300000000001,-4.25));
#3545=CARTESIAN_POINT('',(92.2000000000006,-123.050000000001,-4.25));
#3546=CARTESIAN_POINT('Origin',(94.4500000000006,-123.050000000001,-4.25));
#3547=CARTESIAN_POINT('',(94.4500000000006,-123.050000000001,-6.5));
#3548=CARTESIAN_POINT('Origin',(94.4500000000006,-123.050000000001,-4.25));
#3549=CARTESIAN_POINT('Origin',(94.4500000000006,-123.050000000001,-4.25));
#3550=CARTESIAN_POINT('Origin',(94.4500000000006,-123.050000000001,0.));
#3551=CARTESIAN_POINT('',(94.4500000000006,-125.300000000001,4.068));
#3552=CARTESIAN_POINT('Origin',(94.4500000000006,-123.050000000001,4.068));
#3553=CARTESIAN_POINT('',(92.2000000000006,-123.050000000001,0.));
#3554=CARTESIAN_POINT('',(94.4500000000006,-125.300000000001,0.));
#3555=CARTESIAN_POINT('Origin',(94.4500000000006,-123.050000000001,4.068));
#3556=CARTESIAN_POINT('Origin',(94.4500000000006,-123.050000000001,4.068));
#3557=CARTESIAN_POINT('Origin',(94.4500000000006,-51.4500000000006,4.068));
#3558=CARTESIAN_POINT('Origin',(94.4500000000006,-51.4500000000006,4.068));
#3559=CARTESIAN_POINT('Origin',(122.300000771136,-51.4500000000006,4.068));
#3560=CARTESIAN_POINT('',(176.268758372316,-51.4500000000006,6.31799999999924));
#3561=CARTESIAN_POINT('',(122.300000771136,-51.4500000000006,6.318));
#3562=CARTESIAN_POINT('',(177.200738856355,-49.2000000000006,4.068));
#3563=CARTESIAN_POINT('Origin',(177.200738856355,-51.4500000000006,4.068));
#3564=CARTESIAN_POINT('',(155.534757609999,-49.2000000000006,4.068));
#3565=CARTESIAN_POINT('',(122.300000771136,-49.2000000000006,4.068));
#3566=CARTESIAN_POINT('',(154.064877979669,-49.4346693084555,5.068470990942));
#3567=CARTESIAN_POINT('Ctrl Pts',(155.534757609999,-49.2000000000006,4.06800000000001));
#3568=CARTESIAN_POINT('Ctrl Pts',(155.532898235983,-49.2000000000006,4.07271599514246));
#3569=CARTESIAN_POINT('Ctrl Pts',(155.531015927042,-49.2000148277293,4.07742364475989));
#3570=CARTESIAN_POINT('Ctrl Pts',(155.450790408637,-49.2012568518364,4.27529870531887));
#3571=CARTESIAN_POINT('Ctrl Pts',(155.33163876461,-49.2284909306242,4.45278857832957));
#3572=CARTESIAN_POINT('Ctrl Pts',(155.054439161636,-49.2965208736271,4.73653789169564));
#3573=CARTESIAN_POINT('Ctrl Pts',(154.876622367373,-49.3423171063259,4.86064859962342));
#3574=CARTESIAN_POINT('Ctrl Pts',(154.484142777265,-49.4124532621823,5.02665699970008));
#3575=CARTESIAN_POINT('Ctrl Pts',(154.269068026947,-49.4346693084555,5.068470990942));
#3576=CARTESIAN_POINT('Ctrl Pts',(154.064877979669,-49.4346693084555,5.068470990942));
#3577=CARTESIAN_POINT('',(147.68487797967,-49.4346693084555,5.068470990942));
#3578=CARTESIAN_POINT('',(122.300000771136,-49.4346693084555,5.068470990942));
#3579=CARTESIAN_POINT('',(146.214998349339,-49.2000000000006,4.068));
#3580=CARTESIAN_POINT('Ctrl Pts',(147.684877979669,-49.4346693084555,5.068470990942));
#3581=CARTESIAN_POINT('Ctrl Pts',(147.480687932391,-49.4346693084555,5.068470990942));
#3582=CARTESIAN_POINT('Ctrl Pts',(147.265613182073,-49.4124532621823,5.02665699970008));
#3583=CARTESIAN_POINT('Ctrl Pts',(146.873133591965,-49.3423171063259,4.86064859962343));
#3584=CARTESIAN_POINT('Ctrl Pts',(146.695316797702,-49.2965208736271,4.73653789169564));
#3585=CARTESIAN_POINT('Ctrl Pts',(146.418117194728,-49.2284909306242,4.45278857832957));
#3586=CARTESIAN_POINT('Ctrl Pts',(146.298965550701,-49.2012568518364,4.27529870531887));
#3587=CARTESIAN_POINT('Ctrl Pts',(146.218740032296,-49.2000148277293,4.07742364475988));
#3588=CARTESIAN_POINT('Ctrl Pts',(146.216857723355,-49.2000000000006,4.07271599514246));
#3589=CARTESIAN_POINT('Ctrl Pts',(146.214998349339,-49.2000000000006,4.068));
#3590=CARTESIAN_POINT('',(122.300000771136,-49.2000000000006,4.068));
#3591=CARTESIAN_POINT('Origin',(149.60000154227,-87.2500000000008,6.318));
#3592=CARTESIAN_POINT('',(176.268758372316,-123.050000000001,6.318));
#3593=CARTESIAN_POINT('',(178.300000771135,-123.050000000001,6.318));
#3594=CARTESIAN_POINT('',(176.268758372316,-122.800000000001,6.318));
#3595=CARTESIAN_POINT('',(176.268758372316,-106.275000000001,6.318));
#3596=CARTESIAN_POINT('',(167.458022569201,-122.800000000001,6.318));
#3597=CARTESIAN_POINT('',(207.00000308454,-122.800000000001,6.318));
#3598=CARTESIAN_POINT('',(157.458022569201,-122.800000000001,6.318));
#3599=CARTESIAN_POINT('',(207.00000308454,-122.800000000001,6.318));
#3600=CARTESIAN_POINT('',(117.250000000001,-122.800000000001,6.318));
#3601=CARTESIAN_POINT('',(207.00000308454,-122.800000000001,6.318));
#3602=CARTESIAN_POINT('',(107.250000000001,-122.800000000001,6.318));
#3603=CARTESIAN_POINT('',(207.00000308454,-122.800000000001,6.318));
#3604=CARTESIAN_POINT('',(96.9500000000006,-122.800000000001,6.318));
#3605=CARTESIAN_POINT('',(207.00000308454,-122.800000000001,6.318));
#3606=CARTESIAN_POINT('',(94.7000000000006,-120.550000000001,6.318));
#3607=CARTESIAN_POINT('Origin',(96.9500000000006,-120.550000000001,6.318));
#3608=CARTESIAN_POINT('',(94.7000000000006,-92.2500000000008,6.318));
#3609=CARTESIAN_POINT('',(94.7000000000006,-125.300000000001,6.318));
#3610=CARTESIAN_POINT('',(94.7000000000006,-82.2500000000008,6.318));
#3611=CARTESIAN_POINT('',(94.7000000000006,-125.300000000001,6.318));
#3612=CARTESIAN_POINT('',(94.7000000000006,-53.9500000000006,6.318));
#3613=CARTESIAN_POINT('',(94.7000000000006,-125.300000000001,6.318));
#3614=CARTESIAN_POINT('',(96.9500000000006,-51.7000000000006,6.318));
#3615=CARTESIAN_POINT('Origin',(96.9500000000006,-53.9500000000006,6.318));
#3616=CARTESIAN_POINT('',(107.250000000001,-51.7000000000006,6.318));
#3617=CARTESIAN_POINT('',(207.00000308454,-51.7000000000006,6.318));
#3618=CARTESIAN_POINT('',(117.250000000001,-51.7000000000006,6.318));
#3619=CARTESIAN_POINT('',(207.00000308454,-51.7000000000006,6.318));
#3620=CARTESIAN_POINT('',(157.644877979669,-51.7000000000006,6.318));
#3621=CARTESIAN_POINT('',(207.00000308454,-51.7000000000006,6.318));
#3622=CARTESIAN_POINT('',(167.458022569201,-51.7000000000006,6.318));
#3623=CARTESIAN_POINT('',(207.00000308454,-51.7000000000006,6.318));
#3624=CARTESIAN_POINT('',(176.268758372316,-51.7000000000006,6.31799999999924));
#3625=CARTESIAN_POINT('',(172.61229139419,-51.7000000000006,6.318));
#3626=CARTESIAN_POINT('',(176.268758372316,-49.2000000000006,6.31799999999924));
#3627=CARTESIAN_POINT('Origin',(178.300000771135,-123.050000000001,4.068));
#3628=CARTESIAN_POINT('',(177.200765177307,-125.300000000001,4.06800000000001));
#3629=CARTESIAN_POINT('',(178.300000771135,-125.300000000001,4.068));
#3630=CARTESIAN_POINT('Origin',(177.200765177307,-123.050000000001,4.06800000000001));
#3631=CARTESIAN_POINT('Origin',(206.999999999999,-125.300000000001,0.));
#3632=CARTESIAN_POINT('',(212.53000308454,-125.300000000001,-4.25));
#3633=CARTESIAN_POINT('',(179.,-125.300000000001,-4.25));
#3634=CARTESIAN_POINT('',(212.53000308454,-125.300000000001,8.068));
#3635=CARTESIAN_POINT('',(212.53000308454,-125.300000000001,0.));
#3636=CARTESIAN_POINT('',(181.200605610513,-125.300000000001,8.06800000000001));
#3637=CARTESIAN_POINT('',(200.47250154227,-125.300000000001,8.068));
#3638=CARTESIAN_POINT('',(183.962784285663,-125.300000000001,10.8302888675445));
#3639=CARTESIAN_POINT('Origin',(179.,-123.050000000001,-4.25));
#3640=CARTESIAN_POINT('',(212.53000308454,-123.050000000001,-6.5));
#3641=CARTESIAN_POINT('',(179.,-123.050000000001,-6.5));
#3642=CARTESIAN_POINT('Origin',(212.53000308454,-123.050000000001,-4.25));
#3643=CARTESIAN_POINT('Origin',(92.2000000000006,-122.500000000001,0.));
#3644=CARTESIAN_POINT('',(92.2000000000006,-104.875000000001,-4.25));
#3645=CARTESIAN_POINT('Origin',(147.684877979669,-49.199702135069,3.488470990942));
#3646=CARTESIAN_POINT('',(147.68487797967,-51.7000000000006,5.068470990942));
#3647=CARTESIAN_POINT('',(147.68487797967,-49.19970213507,5.068470990942));
#3648=CARTESIAN_POINT('',(146.104877979669,-51.7000000000006,3.488470990942));
#3649=CARTESIAN_POINT('Origin',(147.684877979669,-51.7000000000006,3.488470990942));
#3650=CARTESIAN_POINT('',(146.104877979669,-49.2000000000006,3.488470990942));
#3651=CARTESIAN_POINT('',(146.104877979669,-49.199702135069,3.488470990942));
#3652=CARTESIAN_POINT('Origin',(147.684877979669,-49.2000000000006,3.488470990942));
#3653=CARTESIAN_POINT('Origin',(157.644877979669,-49.2000000000006,-0.691529009058077));
#3654=CARTESIAN_POINT('',(157.644877979669,-51.5131445895325,4.00485541046808));
#3655=CARTESIAN_POINT('',(157.644877979669,-51.7000000000006,3.81800000000001));
#3656=CARTESIAN_POINT('',(157.644877979669,-52.2023822522651,3.31561774773549));
#3657=CARTESIAN_POINT('',(157.644877979669,-51.5131445895325,6.13114458953192));
#3658=CARTESIAN_POINT('',(157.644877979669,-51.5131445895325,1.56323549547096));
#3659=CARTESIAN_POINT('',(157.644877979669,-49.3226177477361,3.94061774773548));
#3660=CARTESIAN_POINT('',(157.644877979669,-51.7000000000006,-0.691529009058077));
#3661=CARTESIAN_POINT('Origin',(167.458022569201,-51.7000000000006,3.818));
#3662=CARTESIAN_POINT('',(167.458022569201,-51.7000000000006,3.818));
#3663=CARTESIAN_POINT('',(131.079011284601,-51.7000000000006,3.81800000000001));
#3664=CARTESIAN_POINT('',(167.250915788014,-51.492893218814,4.02510678118654));
#3665=CARTESIAN_POINT('',(167.041355902534,-51.2833333333339,4.23466666666667));
#3666=CARTESIAN_POINT('',(157.665129350387,-51.492893218814,4.02510678118654));
#3667=CARTESIAN_POINT('',(164.958022569201,-51.492893218814,4.02510678118654));
#3668=CARTESIAN_POINT('',(159.124689235868,-50.0333333333339,5.48466666666667));
#3669=CARTESIAN_POINT('Origin',(94.7000000000006,-51.7000000000006,-4.));
#3670=CARTESIAN_POINT('',(117.250000000001,-51.7000000000006,3.818));
#3671=CARTESIAN_POINT('',(117.250000000001,-51.7000000000006,1.159));
#3672=CARTESIAN_POINT('',(107.250000000001,-51.7000000000006,3.818));
#3673=CARTESIAN_POINT('',(105.975000000001,-51.7000000000006,3.81800000000001));
#3674=CARTESIAN_POINT('',(107.250000000001,-51.7000000000006,-0.091));
#3675=CARTESIAN_POINT('',(96.9500000000006,-51.7000000000006,-4.));
#3676=CARTESIAN_POINT('',(96.9500000000006,-51.7000000000006,-4.));
#3677=CARTESIAN_POINT('',(210.03000308454,-51.7000000000006,-4.));
#3678=CARTESIAN_POINT('',(122.85,-51.7000000000006,-4.));
#3679=CARTESIAN_POINT('',(210.03000308454,-51.7000000000006,10.318));
#3680=CARTESIAN_POINT('',(210.03000308454,-51.7000000000006,-4.));
#3681=CARTESIAN_POINT('',(199.73000308454,-51.7000000000006,10.318));
#3682=CARTESIAN_POINT('',(144.32250154227,-51.7000000000006,10.318));
#3683=CARTESIAN_POINT('',(199.73000308454,-51.7000000000006,7.818));
#3684=CARTESIAN_POINT('',(199.73000308454,-51.7000000000006,1.909));
#3685=CARTESIAN_POINT('',(189.73000308454,-51.7000000000006,7.818));
#3686=CARTESIAN_POINT('',(142.21500154227,-51.7000000000006,7.818));
#3687=CARTESIAN_POINT('',(189.73000308454,-51.7000000000006,10.318));
#3688=CARTESIAN_POINT('',(189.73000308454,-51.7000000000006,3.159));
#3689=CARTESIAN_POINT('',(181.200739046344,-51.7000000000006,10.318));
#3690=CARTESIAN_POINT('',(144.32250154227,-51.7000000000006,10.318));
#3691=CARTESIAN_POINT('',(179.609748826459,-51.7000000000006,9.65899029545358));
#3692=CARTESIAN_POINT('Origin',(181.200739046344,-51.7000000000006,8.068));
#3693=CARTESIAN_POINT('',(176.268758372316,-51.7000000000006,6.31799999999924));
#3694=CARTESIAN_POINT('',(167.458022569201,-51.7000000000006,1.159));
#3695=CARTESIAN_POINT('',(154.06487797967,-51.7000000000006,1.308470990942));
#3696=CARTESIAN_POINT('',(155.644877979669,-51.7000000000006,2.888470990942));
#3697=CARTESIAN_POINT('Origin',(154.064877979669,-51.7000000000006,2.888470990942));
#3698=CARTESIAN_POINT('',(147.684877979669,-51.7000000000006,1.308470990942));
#3699=CARTESIAN_POINT('',(122.91493898983,-51.7000000000006,1.30847099094271));
#3700=CARTESIAN_POINT('',(146.104877979669,-51.7000000000006,2.888470990942));
#3701=CARTESIAN_POINT('Origin',(147.684877979669,-51.7000000000006,2.888470990942));
#3702=CARTESIAN_POINT('',(146.104877979669,-51.7000000000006,-0.255764504529));
#3703=CARTESIAN_POINT('',(154.064877979669,-51.7000000000006,5.068470990942));
#3704=CARTESIAN_POINT('',(124.382438989835,-51.7000000000006,5.068470990942));
#3705=CARTESIAN_POINT('',(155.644877979669,-51.7000000000006,3.488470990942));
#3706=CARTESIAN_POINT('Origin',(154.064877979669,-51.7000000000006,3.488470990942));
#3707=CARTESIAN_POINT('',(155.644877979669,-51.7000000000006,-0.555764504529));
#3708=CARTESIAN_POINT('Origin',(95.0000000000006,-49.2000000000006,0.));
#3709=CARTESIAN_POINT('',(146.104877979669,-49.2000000000006,2.888470990942));
#3710=CARTESIAN_POINT('',(146.104877979669,-49.2000000000006,2.888470990942));
#3711=CARTESIAN_POINT('',(147.684877979669,-49.2000000000006,1.30847099094201));
#3712=CARTESIAN_POINT('Origin',(147.684877979669,-49.2000000000006,2.888470990942));
#3713=CARTESIAN_POINT('',(154.06487797967,-49.2000000000006,1.308470990942));
#3714=CARTESIAN_POINT('',(154.06487797967,-49.2000000000006,1.308470990942));
#3715=CARTESIAN_POINT('',(155.644877979669,-49.2000000000006,2.888470990942));
#3716=CARTESIAN_POINT('Origin',(154.064877979669,-49.2000000000006,2.888470990942));
#3717=CARTESIAN_POINT('',(155.644877979669,-49.2000000000006,3.488470990942));
#3718=CARTESIAN_POINT('',(155.644877979669,-49.2000000000006,6.318));
#3719=CARTESIAN_POINT('Origin',(154.064877979669,-49.2000000000006,3.488470990942));
#3720=CARTESIAN_POINT('',(181.200739046344,-49.2000000000006,8.068));
#3721=CARTESIAN_POINT('',(157.963058129108,-49.2000000000006,-15.1696798135108));
#3722=CARTESIAN_POINT('',(212.53000308454,-49.2000000000006,8.068));
#3723=CARTESIAN_POINT('',(144.47250154227,-49.2000000000006,8.068));
#3724=CARTESIAN_POINT('',(212.53000308454,-49.2000000000006,-4.25));
#3725=CARTESIAN_POINT('',(212.53000308454,-49.2000000000006,0.));
#3726=CARTESIAN_POINT('',(123.,-49.2000000000006,-4.25));
#3727=CARTESIAN_POINT('Origin',(154.064877979669,-49.199702135069,3.488470990942));
#3728=CARTESIAN_POINT('',(155.644877979669,-51.7000000000006,3.488470990942));
#3729=CARTESIAN_POINT('',(154.064877979669,-49.19970213507,5.068470990942));
#3730=CARTESIAN_POINT('Origin',(123.,-51.4500000000006,-4.25));
#3731=CARTESIAN_POINT('',(212.53000308454,-51.4500000000006,-6.5));
#3732=CARTESIAN_POINT('Origin',(212.53000308454,-51.4500000000006,-4.25));
#3733=CARTESIAN_POINT('',(211.87099334221,-52.1090097423309,-6.40132660456607));
#3734=CARTESIAN_POINT('Origin',(212.53000308454,-51.4500000000006,-4.25));
#3735=CARTESIAN_POINT('',(210.28000308454,-51.4500000000006,-6.5));
#3736=CARTESIAN_POINT('Ctrl Pts',(211.87099334221,-52.1090097423308,-6.40132660456608));
#3737=CARTESIAN_POINT('Ctrl Pts',(211.67436030533,-51.912376705451,-6.46156064187717));
#3738=CARTESIAN_POINT('Ctrl Pts',(211.422600980097,-51.7385395761227,-6.48443115563076));
#3739=CARTESIAN_POINT('Ctrl Pts',(210.867626209995,-51.507385891753,-6.5022530956489));
#3740=CARTESIAN_POINT('Ctrl Pts',(210.564532945251,-51.4500000000006,-6.5));
#3741=CARTESIAN_POINT('Ctrl Pts',(210.28000308454,-51.4500000000006,-6.5));
#3742=CARTESIAN_POINT('',(96.7000000000006,-51.4500000000006,-6.5));
#3743=CARTESIAN_POINT('',(123.,-51.4500000000006,-6.5));
#3744=CARTESIAN_POINT('',(95.1090097423309,-52.1090097423308,-6.40132660456608));
#3745=CARTESIAN_POINT('Ctrl Pts',(96.7000000000006,-51.4500000000006,-6.5));
#3746=CARTESIAN_POINT('Ctrl Pts',(96.4154701392901,-51.4500000000006,-6.5));
#3747=CARTESIAN_POINT('Ctrl Pts',(96.1123768745464,-51.507385891753,-6.5022530956489));
#3748=CARTESIAN_POINT('Ctrl Pts',(95.5574021044437,-51.7385395761227,-6.48443115563076));
#3749=CARTESIAN_POINT('Ctrl Pts',(95.3056427792107,-51.912376705451,-6.46156064187717));
#3750=CARTESIAN_POINT('Ctrl Pts',(95.1090097423308,-52.1090097423308,-6.40132660456608));
#3751=CARTESIAN_POINT('Origin',(94.4500000000006,-51.4500000000006,-4.25));
#3752=CARTESIAN_POINT('Origin',(94.4500000000006,-104.875000000001,-4.25));
#3753=CARTESIAN_POINT('',(94.4500000000006,-53.7000000000006,-6.5));
#3754=CARTESIAN_POINT('Ctrl Pts',(95.1090097423309,-52.1090097423308,-6.40132660456607));
#3755=CARTESIAN_POINT('Ctrl Pts',(94.9123767054511,-52.3056427792106,-6.46156064187716));
#3756=CARTESIAN_POINT('Ctrl Pts',(94.7385395761227,-52.5574021044437,-6.48443115563076));
#3757=CARTESIAN_POINT('Ctrl Pts',(94.507385891753,-53.1123768745464,-6.5022530956489));
#3758=CARTESIAN_POINT('Ctrl Pts',(94.4500000000006,-53.4154701392901,-6.5));
#3759=CARTESIAN_POINT('Ctrl Pts',(94.4500000000006,-53.7000000000006,-6.5));
#3760=CARTESIAN_POINT('',(94.4500000000006,-62.3937548151036,-6.5));
#3761=CARTESIAN_POINT('',(94.4500000000006,-104.875000000001,-6.5));
#3762=CARTESIAN_POINT('',(94.4500000000006,-104.875000000001,-6.5));
#3763=CARTESIAN_POINT('Origin',(157.963058129108,-51.4500000000006,-15.1696798135108));
#3764=CARTESIAN_POINT('',(179.609748826459,-51.4500000000006,9.65899029545357));
#3765=CARTESIAN_POINT('',(156.372067909222,-51.4500000000006,-13.5786895180572));
#3766=CARTESIAN_POINT('Origin',(181.200739046344,-51.4500000000006,8.06800000000001));
#3767=CARTESIAN_POINT('Origin',(154.064877979669,-49.199702135069,2.888470990942));
#3768=CARTESIAN_POINT('',(155.644877979669,-49.199702135069,2.888470990942));
#3769=CARTESIAN_POINT('',(154.06487797967,-49.19970213507,1.308470990942));
#3770=CARTESIAN_POINT('Origin',(147.684877979669,-49.199702135069,2.888470990942));
#3771=CARTESIAN_POINT('',(147.684877979669,-49.19970213507,1.308470990942));
#3772=CARTESIAN_POINT('',(146.104877979669,-49.199702135069,2.888470990942));
#3773=CARTESIAN_POINT('Origin',(96.7000000000006,-57.7019245584938,-9.62788683773985));
#3774=CARTESIAN_POINT('',(96.7000000000006,-66.4500000000006,-6.5));
#3775=CARTESIAN_POINT('Origin',(96.7000000000006,-62.3937548151036,-6.5));
#3776=CARTESIAN_POINT('',(94.4500000000006,-53.7000000000006,-12.295836543402));
#3777=CARTESIAN_POINT('',(94.4500000000006,-57.7019245584938,-9.62788683773985));
#3778=CARTESIAN_POINT('',(96.7000000000006,-54.9480754415073,-14.1679497056622));
#3779=CARTESIAN_POINT('Origin',(96.7000000000006,-53.7000000000006,-12.295836543402));
#3780=CARTESIAN_POINT('',(96.7000000000006,-58.9500000000006,-11.5));
#3781=CARTESIAN_POINT('Origin',(96.7000000000006,-53.7000000000006,-6.5));
#3782=CARTESIAN_POINT('',(96.7000000000006,-51.4500000000006,-12.295836543402));
#3783=CARTESIAN_POINT('',(96.7000000000006,-51.4500000000006,-6.5));
#3784=CARTESIAN_POINT('Origin',(96.7000000000006,-53.7000000000006,-12.295836543402));
#3785=CARTESIAN_POINT('',(94.4500000000006,-53.7000000000006,-6.5));
#3786=CARTESIAN_POINT('Origin',(96.7000000000006,-53.7000000000006,-12.295836543402));
#3787=CARTESIAN_POINT('Origin',(96.7000000000006,-53.7000000000006,-12.295836543402));
#3788=CARTESIAN_POINT('Origin',(94.4500000000006,-51.4500000000006,-16.5));
#3789=CARTESIAN_POINT('',(210.28000308454,-54.9480754415073,-14.1679497056622));
#3790=CARTESIAN_POINT('',(94.4500000000006,-54.9480754415073,-14.1679497056622));
#3791=CARTESIAN_POINT('',(210.28000308454,-66.4500000000006,-6.5));
#3792=CARTESIAN_POINT('',(210.28000308454,-53.7576923076929,-14.9615384615385));
#3793=CARTESIAN_POINT('',(181.76500154227,-66.4500000000006,-6.5));
#3794=CARTESIAN_POINT('Origin',(94.4500000000006,-53.7000000000006,-12.295836543402));
#3795=CARTESIAN_POINT('',(210.28000308454,-51.4500000000006,-12.295836543402));
#3796=CARTESIAN_POINT('',(94.4500000000006,-51.4500000000006,-12.295836543402));
#3797=CARTESIAN_POINT('Origin',(210.28000308454,-53.7000000000006,-12.295836543402));
#3798=CARTESIAN_POINT('Origin',(94.4500000000006,-51.4500000000006,-6.5));
#3799=CARTESIAN_POINT('',(210.28000308454,-51.4500000000006,-6.5));
#3800=CARTESIAN_POINT('Origin',(210.28000308454,-53.7000000000006,-6.5));
#3801=CARTESIAN_POINT('',(212.53000308454,-53.7000000000006,-6.5));
#3802=CARTESIAN_POINT('Ctrl Pts',(212.53000308454,-53.7000000000006,-6.5));
#3803=CARTESIAN_POINT('Ctrl Pts',(212.53000308454,-53.4154701392901,-6.5));
#3804=CARTESIAN_POINT('Ctrl Pts',(212.472617192788,-53.1123768745464,-6.5022530956489));
#3805=CARTESIAN_POINT('Ctrl Pts',(212.241463508418,-52.5574021044437,-6.48443115563076));
#3806=CARTESIAN_POINT('Ctrl Pts',(212.06762637909,-52.3056427792106,-6.46156064187716));
#3807=CARTESIAN_POINT('Ctrl Pts',(211.87099334221,-52.1090097423308,-6.40132660456607));
#3808=CARTESIAN_POINT('',(212.53000308454,-53.7000000000006,-12.295836543402));
#3809=CARTESIAN_POINT('',(212.53000308454,-53.7000000000006,-6.5));
#3810=CARTESIAN_POINT('Origin',(210.28000308454,-53.7000000000006,-12.295836543402));
#3811=CARTESIAN_POINT('Origin',(210.28000308454,-52.5096168661861,-13.0894252992783));
#3812=CARTESIAN_POINT('',(212.53000308454,-62.3937548151036,-6.5));
#3813=CARTESIAN_POINT('Origin',(210.28000308454,-62.3937548151036,-6.5));
#3814=CARTESIAN_POINT('Origin',(210.28000308454,-53.7000000000006,-12.295836543402));
#3815=CARTESIAN_POINT('',(212.53000308454,-52.5096168661861,-13.0894252992783));
#3816=CARTESIAN_POINT('Origin',(210.28000308454,-53.7000000000006,-12.295836543402));
#3817=CARTESIAN_POINT('Origin',(94.4500000000006,-66.4500000000006,-6.5));
#3818=CARTESIAN_POINT('Origin',(212.53000308454,-51.4500000000006,-6.5));
#3819=CARTESIAN_POINT('',(212.53000308454,-69.6250000000007,-6.5));
#3820=CARTESIAN_POINT('Origin',(151.,-87.2500000000008,-6.5));
#3821=CARTESIAN_POINT('',(212.53000308454,-69.6250000000007,-6.5));
#3822=CARTESIAN_POINT('Origin',(183.962784285663,-123.050000000001,10.8302888675445));
#3823=CARTESIAN_POINT('',(179.609583618875,-123.050000000001,9.65895852306845));
#3824=CARTESIAN_POINT('Origin',(181.200605610513,-123.050000000001,8.06800000000001));
#3825=CARTESIAN_POINT('',(182.371762294025,-123.050000000001,12.421247390613));
#3826=CARTESIAN_POINT('Origin',(200.47250154227,-123.050000000001,8.068));
#3827=CARTESIAN_POINT('',(181.200605610513,-123.050000000001,10.318));
#3828=CARTESIAN_POINT('Origin',(181.200605610513,-123.050000000001,8.068));
#3829=CARTESIAN_POINT('',(212.53000308454,-123.050000000001,10.318));
#3830=CARTESIAN_POINT('Origin',(212.53000308454,-123.050000000001,8.068));
#3831=CARTESIAN_POINT('',(200.47250154227,-123.050000000001,10.318));
#3832=CARTESIAN_POINT('Origin',(212.53000308454,-123.050000000001,8.068));
#3833=CARTESIAN_POINT('',(214.78000308454,-123.050000000001,8.068));
#3834=CARTESIAN_POINT('Origin',(212.53000308454,-123.050000000001,8.068));
#3835=CARTESIAN_POINT('Origin',(212.53000308454,-123.050000000001,8.068));
#3836=CARTESIAN_POINT('Origin',(181.200605610513,-123.050000000001,8.068));
#3837=CARTESIAN_POINT('Origin',(181.200605610513,-123.050000000001,8.068));
#3838=CARTESIAN_POINT('Origin',(176.268758372316,-125.300000000001,6.318));
#3839=CARTESIAN_POINT('',(179.609583618875,-122.800000000001,9.65895852306845));
#3840=CARTESIAN_POINT('',(179.609583618875,-124.675000000001,9.65895852306845));
#3841=CARTESIAN_POINT('',(176.268758372316,-122.800000000001,6.318));
#3842=CARTESIAN_POINT('Origin',(181.200605610513,-124.675000000001,8.068));
#3843=CARTESIAN_POINT('',(181.200605610513,-122.800000000001,10.318));
#3844=CARTESIAN_POINT('',(181.200605610513,-124.675000000001,10.318));
#3845=CARTESIAN_POINT('Origin',(181.200605610513,-122.800000000001,8.068));
#3846=CARTESIAN_POINT('Origin',(193.94500308454,-124.050000000001,10.318));
#3847=CARTESIAN_POINT('',(212.53000308454,-51.4500000000006,10.318));
#3848=CARTESIAN_POINT('',(212.53000308454,-88.0250000000007,10.318));
#3849=CARTESIAN_POINT('',(181.200739046344,-51.4500000000006,10.318));
#3850=CARTESIAN_POINT('',(144.47250154227,-51.4500000000006,10.318));
#3851=CARTESIAN_POINT('',(181.200739046344,-86.6250000000008,10.318));
#3852=CARTESIAN_POINT('',(144.32250154227,-51.7000000000006,10.318));
#3853=CARTESIAN_POINT('',(212.28000308454,-53.9500000000006,10.318));
#3854=CARTESIAN_POINT('Origin',(210.03000308454,-53.9500000000006,10.318));
#3855=CARTESIAN_POINT('',(212.28000308454,-82.2500000000008,10.318));
#3856=CARTESIAN_POINT('',(212.28000308454,-87.8750000000008,10.318));
#3857=CARTESIAN_POINT('',(212.28000308454,-92.2500000000008,10.318));
#3858=CARTESIAN_POINT('',(212.28000308454,-87.8750000000008,10.318));
#3859=CARTESIAN_POINT('',(212.28000308454,-120.550000000001,10.318));
#3860=CARTESIAN_POINT('',(212.28000308454,-87.8750000000008,10.318));
#3861=CARTESIAN_POINT('',(210.03000308454,-122.800000000001,10.318));
#3862=CARTESIAN_POINT('Origin',(210.03000308454,-120.550000000001,10.318));
#3863=CARTESIAN_POINT('',(199.73000308454,-122.800000000001,10.318));
#3864=CARTESIAN_POINT('',(200.47250308454,-122.800000000001,10.318));
#3865=CARTESIAN_POINT('',(189.73000308454,-122.800000000001,10.318));
#3866=CARTESIAN_POINT('',(200.47250308454,-122.800000000001,10.318));
#3867=CARTESIAN_POINT('',(200.47250308454,-122.800000000001,10.318));
#3868=CARTESIAN_POINT('Origin',(212.53000308454,-51.4500000000006,8.068));
#3869=CARTESIAN_POINT('Origin',(212.53000308454,-51.4500000000006,8.068));
#3870=CARTESIAN_POINT('',(214.78000308454,-51.4500000000006,8.068));
#3871=CARTESIAN_POINT('Origin',(212.53000308454,-51.4500000000006,8.068));
#3872=CARTESIAN_POINT('Origin',(212.53000308454,-51.4500000000006,8.068));
#3873=CARTESIAN_POINT('Origin',(144.47250154227,-51.4500000000006,8.068));
#3874=CARTESIAN_POINT('Origin',(181.200739046344,-51.4500000000006,8.068));
#3875=CARTESIAN_POINT('Origin',(181.200739046344,-51.4500000000006,8.068));
#3876=CARTESIAN_POINT('Origin',(181.200739046344,-51.4500000000006,8.068));
#3877=CARTESIAN_POINT('Origin',(210.03000308454,-120.550000000001,-4.));
#3878=CARTESIAN_POINT('',(210.03000308454,-122.800000000001,-4.));
#3879=CARTESIAN_POINT('',(212.28000308454,-120.550000000001,-4.));
#3880=CARTESIAN_POINT('Origin',(210.03000308454,-120.550000000001,-4.));
#3881=CARTESIAN_POINT('',(210.03000308454,-122.800000000001,-4.));
#3882=CARTESIAN_POINT('',(212.28000308454,-120.550000000001,-4.));
#3883=CARTESIAN_POINT('Origin',(207.00000308454,-122.800000000001,-4.));
#3884=CARTESIAN_POINT('',(96.9500000000006,-122.800000000001,-4.));
#3885=CARTESIAN_POINT('',(179.00000154227,-122.800000000001,-4.));
#3886=CARTESIAN_POINT('',(96.9500000000006,-122.800000000001,-4.));
#3887=CARTESIAN_POINT('',(107.250000000001,-122.800000000001,3.818));
#3888=CARTESIAN_POINT('',(107.250000000001,-122.800000000001,-0.091));
#3889=CARTESIAN_POINT('',(117.250000000001,-122.800000000001,3.818));
#3890=CARTESIAN_POINT('',(162.12500154227,-122.800000000001,3.81799999999999));
#3891=CARTESIAN_POINT('',(117.250000000001,-122.800000000001,1.159));
#3892=CARTESIAN_POINT('',(157.458022569201,-122.800000000001,3.818));
#3893=CARTESIAN_POINT('',(157.458022569201,-122.800000000001,-0.091));
#3894=CARTESIAN_POINT('',(167.458022569201,-122.800000000001,3.818));
#3895=CARTESIAN_POINT('',(187.229012826871,-122.800000000001,3.81799999999999));
#3896=CARTESIAN_POINT('',(167.458022569201,-122.800000000001,1.159));
#3897=CARTESIAN_POINT('',(189.73000308454,-122.800000000001,7.818));
#3898=CARTESIAN_POINT('',(189.73000308454,-122.800000000001,1.909));
#3899=CARTESIAN_POINT('',(199.73000308454,-122.800000000001,7.818));
#3900=CARTESIAN_POINT('',(203.36500308454,-122.800000000001,7.81800000000001));
#3901=CARTESIAN_POINT('',(199.73000308454,-122.800000000001,3.159));
#3902=CARTESIAN_POINT('Origin',(210.03000308454,-53.9500000000006,-4.));
#3903=CARTESIAN_POINT('',(212.28000308454,-53.9500000000006,-4.));
#3904=CARTESIAN_POINT('Origin',(210.03000308454,-53.9500000000006,-4.));
#3905=CARTESIAN_POINT('',(212.28000308454,-53.9500000000006,-4.));
#3906=CARTESIAN_POINT('Origin',(151.,-87.2500000000008,-4.));
#3907=CARTESIAN_POINT('',(212.28000308454,-69.4750000000007,-4.));
#3908=CARTESIAN_POINT('',(94.7000000000006,-53.9500000000006,-4.));
#3909=CARTESIAN_POINT('Origin',(96.9500000000006,-53.9500000000006,-4.));
#3910=CARTESIAN_POINT('',(94.7000000000006,-120.550000000001,-4.));
#3911=CARTESIAN_POINT('',(94.7000000000006,-105.025000000001,-4.));
#3912=CARTESIAN_POINT('Origin',(96.9500000000006,-120.550000000001,-4.));
#3913=CARTESIAN_POINT('',(96.5,-57.,-4.));
#3914=CARTESIAN_POINT('Origin',(100.,-57.,-4.));
#3915=CARTESIAN_POINT('',(198.25,-117.,-4.));
#3916=CARTESIAN_POINT('Origin',(201.75,-117.,-4.));
#3917=CARTESIAN_POINT('',(96.5,-117.,-4.));
#3918=CARTESIAN_POINT('Origin',(100.,-117.,-4.));
#3919=CARTESIAN_POINT('',(198.25,-57.,-4.));
#3920=CARTESIAN_POINT('Origin',(201.75,-57.,-4.));
#3921=CARTESIAN_POINT('Origin',(192.23000308454,-52.2000000000006,8.73221356237309));
#3922=CARTESIAN_POINT('',(198.815789522167,-51.2000000000006,8.73221356237309));
#3923=CARTESIAN_POINT('',(190.644216646913,-51.2000000000006,8.73221356237309));
#3924=CARTESIAN_POINT('',(192.23000308454,-51.2000000000006,8.73221356237309));
#3925=CARTESIAN_POINT('',(189.937109865727,-51.492893218814,8.02510678118654));
#3926=CARTESIAN_POINT('Origin',(190.644216646913,-52.2000000000006,8.73221356237309));
#3927=CARTESIAN_POINT('',(199.522896303354,-51.492893218814,8.02510678118656));
#3928=CARTESIAN_POINT('',(192.23000308454,-51.492893218814,8.02510678118654));
#3929=CARTESIAN_POINT('Origin',(198.815789522167,-52.2000000000006,8.73221356237309));
#3930=CARTESIAN_POINT('Origin',(190.644216646913,-52.2000000000006,9.693));
#3931=CARTESIAN_POINT('',(190.644216646913,-51.2000000000006,9.40378643762691));
#3932=CARTESIAN_POINT('',(190.644216646913,-51.2000000000006,9.693));
#3933=CARTESIAN_POINT('',(189.937109865727,-51.492893218814,10.1108932188134));
#3934=CARTESIAN_POINT('Origin',(190.644216646913,-52.2000000000006,9.40378643762691));
#3935=CARTESIAN_POINT('',(189.937109865727,-51.492893218814,9.693));
#3936=CARTESIAN_POINT('Origin',(197.23000308454,-52.2000000000006,9.40378643762691));
#3937=CARTESIAN_POINT('',(198.815789522167,-51.2000000000006,9.40378643762691));
#3938=CARTESIAN_POINT('',(197.23000308454,-51.2000000000006,9.40378643762691));
#3939=CARTESIAN_POINT('',(199.522896303354,-51.492893218814,10.1108932188135));
#3940=CARTESIAN_POINT('Origin',(198.815789522167,-52.2000000000006,9.40378643762691));
#3941=CARTESIAN_POINT('',(197.23000308454,-51.492893218814,10.1108932188135));
#3942=CARTESIAN_POINT('Origin',(198.815789522167,-52.2000000000006,8.443));
#3943=CARTESIAN_POINT('',(199.522896303354,-51.492893218814,8.443));
#3944=CARTESIAN_POINT('',(198.815789522167,-51.2000000000006,8.443));
#3945=CARTESIAN_POINT('Origin',(199.73000308454,-51.7000000000006,7.818));
#3946=CARTESIAN_POINT('',(198.063336417874,-50.0333333333339,9.48466666666668));
#3947=CARTESIAN_POINT('',(199.313336417874,-51.2833333333339,9.90133333333334));
#3948=CARTESIAN_POINT('Origin',(189.73000308454,-51.7000000000006,7.818));
#3949=CARTESIAN_POINT('',(190.146669751207,-51.2833333333339,8.23466666666666));
#3950=CARTESIAN_POINT('Origin',(194.73000308454,-51.2000000000006,9.068));
#3951=CARTESIAN_POINT('Origin',(199.73000308454,-51.7000000000006,10.318));
#3952=CARTESIAN_POINT('',(191.396669751207,-50.0333333333339,8.65133333333332));
#3953=CARTESIAN_POINT('Origin',(189.73000308454,-51.7000000000006,10.318));
#3954=CARTESIAN_POINT('Origin',(211.78000308454,-83.1642135623738,9.693));
#3955=CARTESIAN_POINT('',(212.78000308454,-83.1642135623738,8.73221356237309));
#3956=CARTESIAN_POINT('',(212.78000308454,-83.1642135623738,9.40378643762691));
#3957=CARTESIAN_POINT('',(212.78000308454,-83.1642135623738,9.693));
#3958=CARTESIAN_POINT('',(212.487109865727,-82.4571067811873,10.1108932188135));
#3959=CARTESIAN_POINT('Origin',(211.78000308454,-83.1642135623738,9.40378643762691));
#3960=CARTESIAN_POINT('',(212.487109865727,-82.4571067811873,8.02510678118653));
#3961=CARTESIAN_POINT('',(212.487109865727,-82.4571067811873,9.693));
#3962=CARTESIAN_POINT('Origin',(211.78000308454,-83.1642135623738,8.73221356237309));
#3963=CARTESIAN_POINT('Origin',(211.78000308454,-89.7500000000008,9.40378643762691));
#3964=CARTESIAN_POINT('',(212.78000308454,-91.3357864376277,9.40378643762691));
#3965=CARTESIAN_POINT('',(212.78000308454,-89.7500000000008,9.40378643762691));
#3966=CARTESIAN_POINT('',(212.487109865727,-92.0428932188142,10.1108932188135));
#3967=CARTESIAN_POINT('Origin',(211.78000308454,-91.3357864376277,9.40378643762691));
#3968=CARTESIAN_POINT('',(212.487109865727,-89.7500000000008,10.1108932188135));
#3969=CARTESIAN_POINT('Origin',(211.78000308454,-91.3357864376277,8.443));
#3970=CARTESIAN_POINT('',(212.78000308454,-91.3357864376277,8.73221356237309));
#3971=CARTESIAN_POINT('',(212.78000308454,-91.3357864376277,8.443));
#3972=CARTESIAN_POINT('',(212.487109865727,-92.0428932188142,8.02510678118654));
#3973=CARTESIAN_POINT('Origin',(211.78000308454,-91.3357864376277,8.73221356237309));
#3974=CARTESIAN_POINT('',(212.487109865727,-92.0428932188142,8.443));
#3975=CARTESIAN_POINT('Origin',(211.78000308454,-84.7500000000008,8.73221356237309));
#3976=CARTESIAN_POINT('',(212.487109865727,-84.7500000000008,8.02510678118654));
#3977=CARTESIAN_POINT('',(212.78000308454,-84.7500000000008,8.73221356237309));
#3978=CARTESIAN_POINT('Origin',(212.28000308454,-82.2500000000008,7.818));
#3979=CARTESIAN_POINT('',(212.28000308454,-82.2500000000008,7.818));
#3980=CARTESIAN_POINT('',(212.696669751207,-82.6666666666674,8.23466666666667));
#3981=CARTESIAN_POINT('',(212.28000308454,-92.2500000000008,7.818));
#3982=CARTESIAN_POINT('',(212.28000308454,-66.9750000000007,7.81799999999999));
#3983=CARTESIAN_POINT('',(213.946669751207,-90.5833333333341,9.48466666666667));
#3984=CARTESIAN_POINT('Origin',(212.28000308454,-82.2500000000008,10.318));
#3985=CARTESIAN_POINT('',(213.946669751207,-83.9166666666674,8.65133333333333));
#3986=CARTESIAN_POINT('',(212.28000308454,-82.2500000000008,3.159));
#3987=CARTESIAN_POINT('Origin',(212.78000308454,-87.2500000000008,9.068));
#3988=CARTESIAN_POINT('Origin',(212.28000308454,-92.2500000000008,7.818));
#3989=CARTESIAN_POINT('',(212.28000308454,-92.2500000000008,1.909));
#3990=CARTESIAN_POINT('',(212.696669751207,-91.8333333333341,9.90133333333333));
#3991=CARTESIAN_POINT('Origin',(212.28000308454,-92.2500000000008,10.318));
#3992=CARTESIAN_POINT('Origin',(212.28000308454,-51.7000000000006,-4.));
#3993=CARTESIAN_POINT('Origin',(198.815789522167,-122.300000000001,9.693));
#3994=CARTESIAN_POINT('',(198.815789522167,-123.300000000001,8.73221356237309));
#3995=CARTESIAN_POINT('',(198.815789522167,-123.300000000001,9.40378643762691));
#3996=CARTESIAN_POINT('',(198.815789522167,-123.300000000001,9.693));
#3997=CARTESIAN_POINT('',(199.522896303354,-123.007106781187,10.1108932188135));
#3998=CARTESIAN_POINT('Origin',(198.815789522167,-122.300000000001,9.40378643762691));
#3999=CARTESIAN_POINT('',(199.522896303354,-123.007106781187,8.02510678118654));
#4000=CARTESIAN_POINT('',(199.522896303354,-123.007106781187,9.693));
#4001=CARTESIAN_POINT('Origin',(198.815789522167,-122.300000000001,8.73221356237309));
#4002=CARTESIAN_POINT('Origin',(192.23000308454,-122.300000000001,9.40378643762691));
#4003=CARTESIAN_POINT('',(190.644216646913,-123.300000000001,9.40378643762691));
#4004=CARTESIAN_POINT('',(192.23000308454,-123.300000000001,9.40378643762691));
#4005=CARTESIAN_POINT('',(189.937109865727,-123.007106781187,10.1108932188135));
#4006=CARTESIAN_POINT('Origin',(190.644216646913,-122.300000000001,9.40378643762691));
#4007=CARTESIAN_POINT('',(192.23000308454,-123.007106781187,10.1108932188135));
#4008=CARTESIAN_POINT('Origin',(190.644216646913,-122.300000000001,8.443));
#4009=CARTESIAN_POINT('',(190.644216646913,-123.300000000001,8.73221356237309));
#4010=CARTESIAN_POINT('',(190.644216646913,-123.300000000001,8.443));
#4011=CARTESIAN_POINT('',(189.937109865727,-123.007106781187,8.02510678118654));
#4012=CARTESIAN_POINT('Origin',(190.644216646913,-122.300000000001,8.73221356237309));
#4013=CARTESIAN_POINT('',(189.937109865727,-123.007106781187,8.443));
#4014=CARTESIAN_POINT('Origin',(197.23000308454,-122.300000000001,8.73221356237309));
#4015=CARTESIAN_POINT('',(197.23000308454,-123.007106781187,8.02510678118654));
#4016=CARTESIAN_POINT('',(197.23000308454,-123.300000000001,8.73221356237309));
#4017=CARTESIAN_POINT('Origin',(199.73000308454,-122.800000000001,7.818));
#4018=CARTESIAN_POINT('',(199.313336417874,-123.216666666668,8.23466666666667));
#4019=CARTESIAN_POINT('',(191.396669751207,-124.466666666668,9.48466666666667));
#4020=CARTESIAN_POINT('Origin',(199.73000308454,-122.800000000001,10.318));
#4021=CARTESIAN_POINT('',(198.063336417874,-124.466666666668,8.65133333333333));
#4022=CARTESIAN_POINT('Origin',(194.73000308454,-123.300000000001,9.068));
#4023=CARTESIAN_POINT('Origin',(189.73000308454,-122.800000000001,7.818));
#4024=CARTESIAN_POINT('',(190.146669751207,-123.216666666668,9.90133333333333));
#4025=CARTESIAN_POINT('Origin',(189.73000308454,-122.800000000001,10.318));
#4026=CARTESIAN_POINT('Origin',(181.200739046344,-86.6250000000008,8.068));
#4027=CARTESIAN_POINT('',(179.609748826459,-86.6250000000008,9.65899029545357));
#4028=CARTESIAN_POINT('Origin',(180.268758562306,-49.2000000000006,10.318));
#4029=CARTESIAN_POINT('Origin',(100.,-117.,0.));
#4030=CARTESIAN_POINT('',(96.5,-117.,0.));
#4031=CARTESIAN_POINT('Origin',(100.,-117.,0.));
#4032=CARTESIAN_POINT('',(102.2,-117.,0.));
#4033=CARTESIAN_POINT('Origin',(100.,-117.,0.));
#4034=CARTESIAN_POINT('Origin',(100.,-117.,0.));
#4035=CARTESIAN_POINT('',(96.5,-117.,0.));
#4036=CARTESIAN_POINT('Origin',(201.75,-117.,0.));
#4037=CARTESIAN_POINT('',(198.25,-117.,0.));
#4038=CARTESIAN_POINT('Origin',(201.75,-117.,0.));
#4039=CARTESIAN_POINT('',(203.95,-117.,0.));
#4040=CARTESIAN_POINT('Origin',(201.75,-117.,0.));
#4041=CARTESIAN_POINT('Origin',(201.75,-117.,0.));
#4042=CARTESIAN_POINT('',(198.25,-117.,0.));
#4043=CARTESIAN_POINT('Origin',(201.75,-117.,1.51));
#4044=CARTESIAN_POINT('',(203.95,-117.,1.51));
#4045=CARTESIAN_POINT('Origin',(201.75,-117.,1.51));
#4046=CARTESIAN_POINT('Origin',(201.75,-117.,1.51));
#4047=CARTESIAN_POINT('',(203.95,-117.,1.51));
#4048=CARTESIAN_POINT('Origin',(201.75,-57.,1.51));
#4049=CARTESIAN_POINT('',(203.95,-57.,1.51));
#4050=CARTESIAN_POINT('Origin',(201.75,-57.,1.51));
#4051=CARTESIAN_POINT('Origin',(100.,-117.,1.51));
#4052=CARTESIAN_POINT('',(102.2,-117.,1.51));
#4053=CARTESIAN_POINT('Origin',(100.,-117.,1.51));
#4054=CARTESIAN_POINT('Origin',(100.,-117.,1.51));
#4055=CARTESIAN_POINT('',(102.2,-117.,1.51));
#4056=CARTESIAN_POINT('Origin',(212.53000308454,-51.4500000000006,-4.25));
#4057=CARTESIAN_POINT('',(214.78000308454,-51.4500000000006,-4.25));
#4058=CARTESIAN_POINT('Origin',(212.53000308454,-51.4500000000006,-4.25));
#4059=CARTESIAN_POINT('Origin',(212.53000308454,-51.4500000000006,-4.25));
#4060=CARTESIAN_POINT('Origin',(212.53000308454,-123.050000000001,-4.25));
#4061=CARTESIAN_POINT('',(214.78000308454,-123.050000000001,-4.25));
#4062=CARTESIAN_POINT('Origin',(212.53000308454,-123.050000000001,-4.25));
#4063=CARTESIAN_POINT('Origin',(212.53000308454,-123.050000000001,-4.25));
#4064=CARTESIAN_POINT('Origin',(212.53000308454,-69.6250000000007,-4.25));
#4065=CARTESIAN_POINT('',(214.78000308454,-69.6250000000007,-4.25));
#4066=CARTESIAN_POINT('Origin',(155.644877979669,-49.19970213507,2.888470990942));
#4067=CARTESIAN_POINT('Origin',(151.12987797966,-49.19970213507,1.30847099094207));
#4068=CARTESIAN_POINT('Origin',(154.064877979669,-49.19970213507,5.068470990942));
#4069=CARTESIAN_POINT('Origin',(146.104877979669,-49.19970213507,3.488470990942));
#4070=CARTESIAN_POINT('Origin',(117.250000000001,-122.800000000001,6.318));
#4071=CARTESIAN_POINT('',(117.042893218814,-123.007106781187,6.11089321881346));
#4072=CARTESIAN_POINT('',(117.042893218814,-123.007106781187,4.02510678118654));
#4073=CARTESIAN_POINT('',(117.042893218814,-123.007106781187,5.693));
#4074=CARTESIAN_POINT('',(115.583333333334,-124.466666666668,4.65133333333333));
#4075=CARTESIAN_POINT('',(116.833333333334,-123.216666666668,4.23466666666667));
#4076=CARTESIAN_POINT('Origin',(107.250000000001,-122.800000000001,6.318));
#4077=CARTESIAN_POINT('',(107.457106781187,-123.007106781187,6.11089321881346));
#4078=CARTESIAN_POINT('',(109.750000000001,-123.007106781187,6.11089321881346));
#4079=CARTESIAN_POINT('',(107.666666666667,-123.216666666668,5.90133333333333));
#4080=CARTESIAN_POINT('Origin',(157.458022569201,-122.800000000001,6.318));
#4081=CARTESIAN_POINT('',(157.665129350387,-123.007106781187,6.11089321881346));
#4082=CARTESIAN_POINT('',(167.250915788014,-123.007106781187,6.11089321881346));
#4083=CARTESIAN_POINT('',(159.958022569201,-123.007106781187,6.11089321881346));
#4084=CARTESIAN_POINT('',(157.874689235868,-123.216666666668,5.90133333333333));
#4085=CARTESIAN_POINT('',(165.791355902534,-124.466666666668,4.65133333333333));
#4086=CARTESIAN_POINT('Origin',(157.458022569201,-122.800000000001,3.818));
#4087=CARTESIAN_POINT('',(157.665129350387,-123.007106781187,4.02510678118654));
#4088=CARTESIAN_POINT('',(157.665129350387,-123.007106781187,4.443));
#4089=CARTESIAN_POINT('',(159.124689235868,-124.466666666668,5.48466666666667));
#4090=CARTESIAN_POINT('Origin',(112.250000000001,-123.300000000001,5.068));
#4091=CARTESIAN_POINT('',(108.164213562374,-123.300000000001,4.73221356237309));
#4092=CARTESIAN_POINT('',(116.335786437627,-123.300000000001,4.73221356237309));
#4093=CARTESIAN_POINT('',(114.750000000001,-123.300000000001,4.73221356237309));
#4094=CARTESIAN_POINT('',(108.164213562374,-123.300000000001,5.40378643762691));
#4095=CARTESIAN_POINT('',(108.164213562374,-123.300000000001,4.443));
#4096=CARTESIAN_POINT('',(116.335786437627,-123.300000000001,5.40378643762691));
#4097=CARTESIAN_POINT('',(109.750000000001,-123.300000000001,5.40378643762691));
#4098=CARTESIAN_POINT('',(116.335786437627,-123.300000000001,5.693));
#4099=CARTESIAN_POINT('Origin',(117.250000000001,-122.800000000001,3.818));
#4100=CARTESIAN_POINT('',(107.457106781187,-123.007106781187,4.02510678118654));
#4101=CARTESIAN_POINT('',(114.750000000001,-123.007106781187,4.02510678118654));
#4102=CARTESIAN_POINT('',(108.916666666667,-124.466666666668,5.48466666666667));
#4103=CARTESIAN_POINT('Origin',(107.250000000001,-122.800000000001,3.818));
#4104=CARTESIAN_POINT('',(107.457106781187,-123.007106781187,4.443));
#4105=CARTESIAN_POINT('Origin',(108.164213562374,-122.300000000001,4.443));
#4106=CARTESIAN_POINT('Origin',(108.164213562374,-122.300000000001,5.40378643762691));
#4107=CARTESIAN_POINT('Origin',(108.164213562374,-122.300000000001,4.73221356237309));
#4108=CARTESIAN_POINT('Origin',(109.750000000001,-122.300000000001,5.40378643762691));
#4109=CARTESIAN_POINT('Origin',(116.335786437627,-122.300000000001,5.40378643762691));
#4110=CARTESIAN_POINT('Origin',(116.335786437627,-122.300000000001,5.693));
#4111=CARTESIAN_POINT('Origin',(116.335786437627,-122.300000000001,4.73221356237309));
#4112=CARTESIAN_POINT('Origin',(114.750000000001,-122.300000000001,4.73221356237309));
#4113=CARTESIAN_POINT('Origin',(162.458022569201,-123.300000000001,5.068));
#4114=CARTESIAN_POINT('',(166.543809006828,-123.300000000001,4.73221356237309));
#4115=CARTESIAN_POINT('',(166.543809006828,-123.300000000001,5.40378643762691));
#4116=CARTESIAN_POINT('',(166.543809006828,-123.300000000001,5.693));
#4117=CARTESIAN_POINT('',(158.372236131574,-123.300000000001,4.73221356237309));
#4118=CARTESIAN_POINT('',(164.958022569201,-123.300000000001,4.73221356237309));
#4119=CARTESIAN_POINT('',(158.372236131574,-123.300000000001,5.40378643762691));
#4120=CARTESIAN_POINT('',(158.372236131574,-123.300000000001,4.443));
#4121=CARTESIAN_POINT('',(159.958022569201,-123.300000000001,5.40378643762691));
#4122=CARTESIAN_POINT('Origin',(167.458022569201,-122.800000000001,6.318));
#4123=CARTESIAN_POINT('',(167.250915788014,-123.007106781187,4.02510678118654));
#4124=CARTESIAN_POINT('',(167.250915788014,-123.007106781187,5.693));
#4125=CARTESIAN_POINT('',(167.041355902534,-123.216666666668,4.23466666666667));
#4126=CARTESIAN_POINT('Origin',(167.458022569201,-122.800000000001,3.818));
#4127=CARTESIAN_POINT('',(164.958022569201,-123.007106781187,4.02510678118654));
#4128=CARTESIAN_POINT('Origin',(164.958022569201,-122.300000000001,4.73221356237309));
#4129=CARTESIAN_POINT('Origin',(158.372236131574,-122.300000000001,4.73221356237309));
#4130=CARTESIAN_POINT('Origin',(166.543809006828,-122.300000000001,4.73221356237309));
#4131=CARTESIAN_POINT('Origin',(158.372236131574,-122.300000000001,4.443));
#4132=CARTESIAN_POINT('Origin',(158.372236131574,-122.300000000001,5.40378643762691));
#4133=CARTESIAN_POINT('Origin',(159.958022569201,-122.300000000001,5.40378643762691));
#4134=CARTESIAN_POINT('Origin',(166.543809006828,-122.300000000001,5.40378643762691));
#4135=CARTESIAN_POINT('Origin',(166.543809006828,-122.300000000001,5.693));
#4136=CARTESIAN_POINT('Origin',(94.7000000000006,-82.2500000000008,6.318));
#4137=CARTESIAN_POINT('',(94.4928932188141,-82.4571067811873,6.11089321881346));
#4138=CARTESIAN_POINT('',(94.4928932188141,-92.0428932188142,6.11089321881346));
#4139=CARTESIAN_POINT('',(94.4928932188141,-84.7500000000008,6.11089321881346));
#4140=CARTESIAN_POINT('',(94.2833333333339,-82.6666666666674,5.90133333333333));
#4141=CARTESIAN_POINT('',(93.0333333333339,-90.5833333333341,4.65133333333333));
#4142=CARTESIAN_POINT('Origin',(94.7000000000006,-82.2500000000008,3.818));
#4143=CARTESIAN_POINT('',(94.4928932188141,-82.4571067811873,4.02510678118654));
#4144=CARTESIAN_POINT('',(94.4928932188141,-82.4571067811873,4.443));
#4145=CARTESIAN_POINT('',(94.7000000000006,-82.2500000000008,3.818));
#4146=CARTESIAN_POINT('',(93.0333333333339,-83.9166666666674,5.48466666666667));
#4147=CARTESIAN_POINT('',(94.7000000000006,-82.2500000000008,-0.091));
#4148=CARTESIAN_POINT('Origin',(94.2000000000006,-87.2500000000008,5.068));
#4149=CARTESIAN_POINT('',(94.2000000000006,-91.3357864376277,4.73221356237309));
#4150=CARTESIAN_POINT('',(94.2000000000006,-91.3357864376277,5.40378643762691));
#4151=CARTESIAN_POINT('',(94.2000000000006,-91.3357864376277,5.693));
#4152=CARTESIAN_POINT('',(94.2000000000006,-83.1642135623738,4.73221356237309));
#4153=CARTESIAN_POINT('',(94.2000000000006,-89.7500000000008,4.73221356237309));
#4154=CARTESIAN_POINT('',(94.2000000000006,-83.1642135623738,5.40378643762691));
#4155=CARTESIAN_POINT('',(94.2000000000006,-83.1642135623738,4.443));
#4156=CARTESIAN_POINT('',(94.2000000000006,-84.7500000000008,5.40378643762691));
#4157=CARTESIAN_POINT('Origin',(94.7000000000006,-92.2500000000008,6.318));
#4158=CARTESIAN_POINT('',(94.4928932188141,-92.0428932188142,4.02510678118654));
#4159=CARTESIAN_POINT('',(94.4928932188141,-92.0428932188142,5.693));
#4160=CARTESIAN_POINT('',(94.7000000000006,-92.2500000000008,3.818));
#4161=CARTESIAN_POINT('',(94.7000000000006,-92.2500000000008,1.159));
#4162=CARTESIAN_POINT('',(94.2833333333339,-91.8333333333341,4.23466666666667));
#4163=CARTESIAN_POINT('Origin',(94.7000000000006,-92.2500000000008,3.818));
#4164=CARTESIAN_POINT('',(94.4928932188141,-89.7500000000008,4.02510678118654));
#4165=CARTESIAN_POINT('',(94.7000000000006,-107.525000000001,3.81799999999999));
#4166=CARTESIAN_POINT('Origin',(95.2000000000006,-89.7500000000008,4.73221356237309));
#4167=CARTESIAN_POINT('Origin',(95.2000000000006,-83.1642135623738,4.73221356237309));
#4168=CARTESIAN_POINT('Origin',(95.2000000000006,-91.3357864376277,4.73221356237309));
#4169=CARTESIAN_POINT('Origin',(95.2000000000006,-83.1642135623738,4.443));
#4170=CARTESIAN_POINT('Origin',(95.2000000000006,-83.1642135623738,5.40378643762691));
#4171=CARTESIAN_POINT('Origin',(95.2000000000006,-84.7500000000008,5.40378643762691));
#4172=CARTESIAN_POINT('Origin',(95.2000000000006,-91.3357864376277,5.40378643762691));
#4173=CARTESIAN_POINT('Origin',(95.2000000000006,-91.3357864376277,5.693));
#4174=CARTESIAN_POINT('Origin',(100.,-57.,0.));
#4175=CARTESIAN_POINT('',(96.5,-57.,0.));
#4176=CARTESIAN_POINT('',(96.5,-57.,0.));
#4177=CARTESIAN_POINT('Origin',(100.,-57.,0.));
#4178=CARTESIAN_POINT('Origin',(100.,-57.,0.));
#4179=CARTESIAN_POINT('',(102.2,-57.,0.));
#4180=CARTESIAN_POINT('Origin',(100.,-57.,0.));
#4181=CARTESIAN_POINT('Origin',(100.,-57.,1.51));
#4182=CARTESIAN_POINT('',(102.2,-57.,1.51));
#4183=CARTESIAN_POINT('',(102.2,-57.,1.51));
#4184=CARTESIAN_POINT('Origin',(100.,-57.,1.51));
#4185=CARTESIAN_POINT('Origin',(100.,-57.,1.51));
#4186=CARTESIAN_POINT('Origin',(117.250000000001,-51.7000000000006,6.318));
#4187=CARTESIAN_POINT('',(117.042893218814,-51.492893218814,6.11089321881346));
#4188=CARTESIAN_POINT('',(117.042893218814,-51.492893218814,4.02510678118654));
#4189=CARTESIAN_POINT('',(117.042893218814,-51.492893218814,5.693));
#4190=CARTESIAN_POINT('',(116.833333333334,-51.2833333333339,4.23466666666667));
#4191=CARTESIAN_POINT('',(115.583333333334,-50.0333333333339,4.65133333333333));
#4192=CARTESIAN_POINT('Origin',(107.250000000001,-51.7000000000006,6.318));
#4193=CARTESIAN_POINT('',(107.457106781187,-51.492893218814,6.11089321881346));
#4194=CARTESIAN_POINT('',(109.750000000001,-51.492893218814,6.11089321881346));
#4195=CARTESIAN_POINT('',(107.666666666667,-51.2833333333339,5.90133333333333));
#4196=CARTESIAN_POINT('Origin',(112.250000000001,-51.2000000000006,5.068));
#4197=CARTESIAN_POINT('',(108.164213562374,-51.2000000000006,4.73221356237309));
#4198=CARTESIAN_POINT('',(116.335786437627,-51.2000000000006,4.73221356237309));
#4199=CARTESIAN_POINT('',(114.750000000001,-51.2000000000006,4.73221356237309));
#4200=CARTESIAN_POINT('',(116.335786437627,-51.2000000000006,5.40378643762691));
#4201=CARTESIAN_POINT('',(116.335786437627,-51.2000000000006,5.693));
#4202=CARTESIAN_POINT('',(108.164213562374,-51.2000000000006,5.40378643762691));
#4203=CARTESIAN_POINT('',(109.750000000001,-51.2000000000006,5.40378643762691));
#4204=CARTESIAN_POINT('',(108.164213562374,-51.2000000000006,4.443));
#4205=CARTESIAN_POINT('Origin',(117.250000000001,-51.7000000000006,3.818));
#4206=CARTESIAN_POINT('',(107.457106781187,-51.492893218814,4.02510678118654));
#4207=CARTESIAN_POINT('',(114.750000000001,-51.492893218814,4.02510678118654));
#4208=CARTESIAN_POINT('',(108.916666666667,-50.0333333333339,5.48466666666667));
#4209=CARTESIAN_POINT('Origin',(107.250000000001,-51.7000000000006,3.818));
#4210=CARTESIAN_POINT('',(107.457106781187,-51.492893218814,4.443));
#4211=CARTESIAN_POINT('Origin',(108.164213562374,-52.2000000000006,4.443));
#4212=CARTESIAN_POINT('Origin',(108.164213562374,-52.2000000000006,4.73221356237309));
#4213=CARTESIAN_POINT('Origin',(108.164213562374,-52.2000000000006,5.40378643762691));
#4214=CARTESIAN_POINT('Origin',(109.750000000001,-52.2000000000006,5.40378643762691));
#4215=CARTESIAN_POINT('Origin',(116.335786437627,-52.2000000000006,5.40378643762691));
#4216=CARTESIAN_POINT('Origin',(116.335786437627,-52.2000000000006,5.693));
#4217=CARTESIAN_POINT('Origin',(116.335786437627,-52.2000000000006,4.73221356237309));
#4218=CARTESIAN_POINT('Origin',(114.750000000001,-52.2000000000006,4.73221356237309));
#4219=CARTESIAN_POINT('Origin',(201.75,-57.,0.));
#4220=CARTESIAN_POINT('',(198.25,-57.,0.));
#4221=CARTESIAN_POINT('',(198.25,-57.,0.));
#4222=CARTESIAN_POINT('Origin',(201.75,-57.,0.));
#4223=CARTESIAN_POINT('Origin',(201.75,-57.,0.));
#4224=CARTESIAN_POINT('',(203.95,-57.,0.));
#4225=CARTESIAN_POINT('Origin',(201.75,-57.,0.));
#4226=CARTESIAN_POINT('Origin',(201.75,-57.,1.51));
#4227=CARTESIAN_POINT('',(203.95,-57.,1.51));
#4228=CARTESIAN_POINT('Origin',(157.458022569201,-51.7000000000006,6.318));
#4229=CARTESIAN_POINT('',(157.665129350387,-51.492893218814,6.11089321881346));
#4230=CARTESIAN_POINT('',(157.874689235868,-51.2833333333339,5.90133333333333));
#4231=CARTESIAN_POINT('',(167.250915788014,-51.492893218814,6.11089321881346));
#4232=CARTESIAN_POINT('',(159.958022569201,-51.492893218814,6.11089321881346));
#4233=CARTESIAN_POINT('',(165.791355902534,-50.0333333333339,4.65133333333333));
#4234=CARTESIAN_POINT('Origin',(157.458022569201,-51.7000000000006,3.818));
#4235=CARTESIAN_POINT('',(157.665129350387,-51.492893218814,4.443));
#4236=CARTESIAN_POINT('Origin',(162.458022569201,-51.2000000000006,5.068));
#4237=CARTESIAN_POINT('',(166.543809006828,-51.2000000000006,4.73221356237309));
#4238=CARTESIAN_POINT('',(166.543809006828,-51.2000000000006,5.40378643762691));
#4239=CARTESIAN_POINT('',(166.543809006828,-51.2000000000006,5.693));
#4240=CARTESIAN_POINT('',(158.372236131574,-51.2000000000006,5.40378643762691));
#4241=CARTESIAN_POINT('',(159.958022569201,-51.2000000000006,5.40378643762691));
#4242=CARTESIAN_POINT('',(158.372236131574,-51.2000000000006,4.73221356237309));
#4243=CARTESIAN_POINT('',(158.372236131574,-51.2000000000006,4.443));
#4244=CARTESIAN_POINT('',(164.958022569201,-51.2000000000006,4.73221356237309));
#4245=CARTESIAN_POINT('Origin',(167.458022569201,-51.7000000000006,6.318));
#4246=CARTESIAN_POINT('',(167.250915788014,-51.492893218814,5.693));
#4247=CARTESIAN_POINT('Origin',(164.958022569201,-52.2000000000006,4.73221356237309));
#4248=CARTESIAN_POINT('Origin',(166.543809006828,-52.2000000000006,4.73221356237309));
#4249=CARTESIAN_POINT('Origin',(158.372236131574,-52.2000000000006,4.73221356237309));
#4250=CARTESIAN_POINT('Origin',(158.372236131574,-52.2000000000006,4.443));
#4251=CARTESIAN_POINT('Origin',(158.372236131574,-52.2000000000006,5.40378643762691));
#4252=CARTESIAN_POINT('Origin',(159.958022569201,-52.2000000000006,5.40378643762691));
#4253=CARTESIAN_POINT('Origin',(166.543809006828,-52.2000000000006,5.40378643762691));
#4254=CARTESIAN_POINT('Origin',(166.543809006828,-52.2000000000006,5.693));
#4255=CARTESIAN_POINT('Origin',(96.9500000000006,-53.9500000000006,-4.));
#4256=CARTESIAN_POINT('',(94.7000000000006,-53.9500000000006,-4.));
#4257=CARTESIAN_POINT('Origin',(94.7000000000006,-122.800000000001,-4.));
#4258=CARTESIAN_POINT('',(94.7000000000006,-120.550000000001,-4.));
#4259=CARTESIAN_POINT('Origin',(96.9500000000006,-120.550000000001,-4.));
#4260=CARTESIAN_POINT('Origin',(214.78000308454,-52.0000000000006,0.));
#4261=CARTESIAN_POINT('',(214.78000308454,-88.0250000000007,8.068));
#4262=CARTESIAN_POINT('',(214.78000308454,-123.050000000001,0.));
#4263=CARTESIAN_POINT('',(214.78000308454,-51.4500000000006,0.));
#4264=CARTESIAN_POINT('Origin',(212.53000308454,-88.0250000000007,8.068));
#4265=CARTESIAN_POINT('Origin',(212.53000308454,-123.050000000001,0.));
#4266=CARTESIAN_POINT('Origin',(212.53000308454,-51.4500000000006,0.));
#4267=UNCERTAINTY_MEASURE_WITH_UNIT(LENGTH_MEASURE(0.01),#4271,
'DISTANCE_ACCURACY_VALUE',
'Maximum model space distance between geometric entities at asserted c
onnectivities');
#4268=UNCERTAINTY_MEASURE_WITH_UNIT(LENGTH_MEASURE(0.01),#4271,
'DISTANCE_ACCURACY_VALUE',
'Maximum model space distance between geometric entities at asserted c
onnectivities');
#4269=(
GEOMETRIC_REPRESENTATION_CONTEXT(3)
GLOBAL_UNCERTAINTY_ASSIGNED_CONTEXT((#4267))
GLOBAL_UNIT_ASSIGNED_CONTEXT((#4271,#4273,#4274))
REPRESENTATION_CONTEXT('','3D')
);
#4270=(
GEOMETRIC_REPRESENTATION_CONTEXT(3)
GLOBAL_UNCERTAINTY_ASSIGNED_CONTEXT((#4268))
GLOBAL_UNIT_ASSIGNED_CONTEXT((#4271,#4273,#4274))
REPRESENTATION_CONTEXT('','3D')
);
#4271=(
LENGTH_UNIT()
NAMED_UNIT(*)
SI_UNIT(.MILLI.,.METRE.)
);
#4272=(
LENGTH_UNIT()
NAMED_UNIT(*)
SI_UNIT($,.METRE.)
);
#4273=(
NAMED_UNIT(*)
PLANE_ANGLE_UNIT()
SI_UNIT($,.RADIAN.)
);
#4274=(
NAMED_UNIT(*)
SI_UNIT($,.STERADIAN.)
SOLID_ANGLE_UNIT()
);
#4275=SHAPE_DEFINITION_REPRESENTATION(#4276,#4277);
#4276=PRODUCT_DEFINITION_SHAPE('',$,#4279);
#4277=SHAPE_REPRESENTATION('',(#2497),#4269);
#4278=PRODUCT_DEFINITION_CONTEXT('part definition',#4283,'design');
#4279=PRODUCT_DEFINITION('Macro Pad','Macro Pad v13',#4280,#4278);
#4280=PRODUCT_DEFINITION_FORMATION('',$,#4285);
#4281=PRODUCT_RELATED_PRODUCT_CATEGORY('Macro Pad v13','Macro Pad v13',
(#4285));
#4282=APPLICATION_PROTOCOL_DEFINITION('international standard',
'automotive_design',2009,#4283);
#4283=APPLICATION_CONTEXT(
'Core Data for Automotive Mechanical Design Process');
#4284=PRODUCT_CONTEXT('part definition',#4283,'mechanical');
#4285=PRODUCT('Macro Pad','Macro Pad v13',$,(#4284));
#4286=PRESENTATION_STYLE_ASSIGNMENT((#4303));
#4287=PRESENTATION_STYLE_ASSIGNMENT((#4304));
#4288=PRESENTATION_STYLE_ASSIGNMENT((#4305));
#4289=PRESENTATION_STYLE_ASSIGNMENT((#4306));
#4290=PRESENTATION_STYLE_ASSIGNMENT((#4307));
#4291=PRESENTATION_STYLE_ASSIGNMENT((#4308));
#4292=PRESENTATION_STYLE_ASSIGNMENT((#4309));
#4293=PRESENTATION_STYLE_ASSIGNMENT((#4310));
#4294=PRESENTATION_STYLE_ASSIGNMENT((#4311));
#4295=PRESENTATION_STYLE_ASSIGNMENT((#4312));
#4296=PRESENTATION_STYLE_ASSIGNMENT((#4313));
#4297=PRESENTATION_STYLE_ASSIGNMENT((#4314));
#4298=PRESENTATION_STYLE_ASSIGNMENT((#4315));
#4299=PRESENTATION_STYLE_ASSIGNMENT((#4316));
#4300=PRESENTATION_STYLE_ASSIGNMENT((#4317));
#4301=PRESENTATION_STYLE_ASSIGNMENT((#4318));
#4302=PRESENTATION_STYLE_ASSIGNMENT((#4319));
#4303=SURFACE_STYLE_USAGE(.BOTH.,#4320);
#4304=SURFACE_STYLE_USAGE(.BOTH.,#4321);
#4305=SURFACE_STYLE_USAGE(.BOTH.,#4322);
#4306=SURFACE_STYLE_USAGE(.BOTH.,#4323);
#4307=SURFACE_STYLE_USAGE(.BOTH.,#4324);
#4308=SURFACE_STYLE_USAGE(.BOTH.,#4325);
#4309=SURFACE_STYLE_USAGE(.BOTH.,#4326);
#4310=SURFACE_STYLE_USAGE(.BOTH.,#4327);
#4311=SURFACE_STYLE_USAGE(.BOTH.,#4328);
#4312=SURFACE_STYLE_USAGE(.BOTH.,#4329);
#4313=SURFACE_STYLE_USAGE(.BOTH.,#4330);
#4314=SURFACE_STYLE_USAGE(.BOTH.,#4331);
#4315=SURFACE_STYLE_USAGE(.BOTH.,#4332);
#4316=SURFACE_STYLE_USAGE(.BOTH.,#4333);
#4317=SURFACE_STYLE_USAGE(.BOTH.,#4334);
#4318=SURFACE_STYLE_USAGE(.BOTH.,#4335);
#4319=SURFACE_STYLE_USAGE(.BOTH.,#4336);
#4320=SURFACE_SIDE_STYLE('',(#4337));
#4321=SURFACE_SIDE_STYLE('',(#4338));
#4322=SURFACE_SIDE_STYLE('',(#4339));
#4323=SURFACE_SIDE_STYLE('',(#4340));
#4324=SURFACE_SIDE_STYLE('',(#4341));
#4325=SURFACE_SIDE_STYLE('',(#4342));
#4326=SURFACE_SIDE_STYLE('',(#4343));
#4327=SURFACE_SIDE_STYLE('',(#4344));
#4328=SURFACE_SIDE_STYLE('',(#4345));
#4329=SURFACE_SIDE_STYLE('',(#4346));
#4330=SURFACE_SIDE_STYLE('',(#4347));
#4331=SURFACE_SIDE_STYLE('',(#4348));
#4332=SURFACE_SIDE_STYLE('',(#4349));
#4333=SURFACE_SIDE_STYLE('',(#4350));
#4334=SURFACE_SIDE_STYLE('',(#4351));
#4335=SURFACE_SIDE_STYLE('',(#4352));
#4336=SURFACE_SIDE_STYLE('',(#4353));
#4337=SURFACE_STYLE_FILL_AREA(#4354);
#4338=SURFACE_STYLE_FILL_AREA(#4355);
#4339=SURFACE_STYLE_FILL_AREA(#4356);
#4340=SURFACE_STYLE_FILL_AREA(#4357);
#4341=SURFACE_STYLE_FILL_AREA(#4358);
#4342=SURFACE_STYLE_FILL_AREA(#4359);
#4343=SURFACE_STYLE_FILL_AREA(#4360);
#4344=SURFACE_STYLE_FILL_AREA(#4361);
#4345=SURFACE_STYLE_FILL_AREA(#4362);
#4346=SURFACE_STYLE_FILL_AREA(#4363);
#4347=SURFACE_STYLE_FILL_AREA(#4364);
#4348=SURFACE_STYLE_FILL_AREA(#4365);
#4349=SURFACE_STYLE_FILL_AREA(#4366);
#4350=SURFACE_STYLE_FILL_AREA(#4367);
#4351=SURFACE_STYLE_FILL_AREA(#4368);
#4352=SURFACE_STYLE_FILL_AREA(#4369);
#4353=SURFACE_STYLE_FILL_AREA(#4370);
#4354=FILL_AREA_STYLE('Steel - Satin',(#4371));
#4355=FILL_AREA_STYLE('Opaque(210,209,199)',(#4372));
#4356=FILL_AREA_STYLE('Opaque(97,69,55)',(#4373));
#4357=FILL_AREA_STYLE('Opaque(25,25,25)',(#4374));
#4358=FILL_AREA_STYLE('Opaque(196,197,196)',(#4375));
#4359=FILL_AREA_STYLE('Opaque(214,48,48)',(#4376));
#4360=FILL_AREA_STYLE('Opaque(77,77,77)',(#4377));
#4361=FILL_AREA_STYLE('Opaque(187,197,203)',(#4378));
#4362=FILL_AREA_STYLE('Opaque(38,37,37)',(#4379));
#4363=FILL_AREA_STYLE('Opaque(176,169,152)',(#4380));
#4364=FILL_AREA_STYLE('Opaque(219,188,126)',(#4381));
#4365=FILL_AREA_STYLE('Opaque(220,160,15)',(#4382));
#4366=FILL_AREA_STYLE('Opaque(205,205,205)',(#4383));
#4367=FILL_AREA_STYLE('Opaque(73,73,73)',(#4384));
#4368=FILL_AREA_STYLE('Opaque(202,209,238)',(#4385));
#4369=FILL_AREA_STYLE('Opaque(192,192,192)',(#4386));
#4370=FILL_AREA_STYLE('Opaque(80,124,105)',(#4387));
#4371=FILL_AREA_STYLE_COLOUR('Steel - Satin',#4388);
#4372=FILL_AREA_STYLE_COLOUR('Opaque(210,209,199)',#4389);
#4373=FILL_AREA_STYLE_COLOUR('Opaque(97,69,55)',#4390);
#4374=FILL_AREA_STYLE_COLOUR('Opaque(25,25,25)',#4391);
#4375=FILL_AREA_STYLE_COLOUR('Opaque(196,197,196)',#4392);
#4376=FILL_AREA_STYLE_COLOUR('Opaque(214,48,48)',#4393);
#4377=FILL_AREA_STYLE_COLOUR('Opaque(77,77,77)',#4394);
#4378=FILL_AREA_STYLE_COLOUR('Opaque(187,197,203)',#4395);
#4379=FILL_AREA_STYLE_COLOUR('Opaque(38,37,37)',#4396);
#4380=FILL_AREA_STYLE_COLOUR('Opaque(176,169,152)',#4397);
#4381=FILL_AREA_STYLE_COLOUR('Opaque(219,188,126)',#4398);
#4382=FILL_AREA_STYLE_COLOUR('Opaque(220,160,15)',#4399);
#4383=FILL_AREA_STYLE_COLOUR('Opaque(205,205,205)',#4400);
#4384=FILL_AREA_STYLE_COLOUR('Opaque(73,73,73)',#4401);
#4385=FILL_AREA_STYLE_COLOUR('Opaque(202,209,238)',#4402);
#4386=FILL_AREA_STYLE_COLOUR('Opaque(192,192,192)',#4403);
#4387=FILL_AREA_STYLE_COLOUR('Opaque(80,124,105)',#4404);
#4388=COLOUR_RGB('Steel - Satin',0.627450980392157,0.627450980392157,0.627450980392157);
#4389=COLOUR_RGB('Opaque(210,209,199)',0.823529411764706,0.819607843137255,
0.780392156862745);
#4390=COLOUR_RGB('Opaque(97,69,55)',0.380392156862745,0.270588235294118,
0.215686274509804);
#4391=COLOUR_RGB('Opaque(25,25,25)',0.0980392156862745,0.0980392156862745,
0.0980392156862745);
#4392=COLOUR_RGB('Opaque(196,197,196)',0.768627450980392,0.772549019607843,
0.768627450980392);
#4393=COLOUR_RGB('Opaque(214,48,48)',0.83921568627451,0.188235294117647,
0.188235294117647);
#4394=COLOUR_RGB('Opaque(77,77,77)',0.301960784313725,0.301960784313725,
0.301960784313725);
#4395=COLOUR_RGB('Opaque(187,197,203)',0.733333333333333,0.772549019607843,
0.796078431372549);
#4396=COLOUR_RGB('Opaque(38,37,37)',0.149019607843137,0.145098039215686,
0.145098039215686);
#4397=COLOUR_RGB('Opaque(176,169,152)',0.690196078431373,0.662745098039216,
0.596078431372549);
#4398=COLOUR_RGB('Opaque(219,188,126)',0.858823529411765,0.737254901960784,
0.494117647058824);
#4399=COLOUR_RGB('Opaque(220,160,15)',0.862745098039216,0.627450980392157,
0.0588235294117647);
#4400=COLOUR_RGB('Opaque(205,205,205)',0.803921568627451,0.803921568627451,
0.803921568627451);
#4401=COLOUR_RGB('Opaque(73,73,73)',0.286274509803922,0.286274509803922,
0.286274509803922);
#4402=COLOUR_RGB('Opaque(202,209,238)',0.792156862745098,0.819607843137255,
0.933333333333333);
#4403=COLOUR_RGB('Opaque(192,192,192)',0.752941176470588,0.752941176470588,
0.752941176470588);
#4404=COLOUR_RGB('Opaque(80,124,105)',0.313725490196078,0.486274509803922,
0.411764705882353);
ENDSEC;
END-ISO-10303-21;
